shipment_id,to_site,site_id,route_key,supplier_id,dispatch_dt,eta_dt,lead_days,delay_days,status,study_code,month
SHP-001-1,SITE-001,SITE-001,DE->NL,SPLR-B,2025-07-19,2025-07-25,6,-1.0,Quarantined,BLZ-137,2025-07
SHP-001-1,SITE-001,SITE-001,DE->NL,SPLR-B,2025-07-22,2025-07-31,9,2.0,Quarantined,BLZ-137,2025-07
SHP-001-1,SITE-001,SITE-001,DE->NL,SPLR-B,2025-07-06,2025-07-14,8,1.0,Quarantined,BLZ-137,2025-07
SHP-001-2,SITE-001,SITE-001,DE->NL,SPLR-B,2025-08-03,2025-08-16,13,6.0,Quarantined,BLZ-137,2025-08
SHP-001-2,SITE-001,SITE-001,DE->NL,SPLR-B,2025-08-18,2025-08-31,13,6.0,Quarantined,BLZ-137,2025-08
SHP-001-2,SITE-001,SITE-001,DE->NL,SPLR-B,2025-07-19,2025-07-30,11,4.0,Quarantined,BLZ-137,2025-07
SHP-001-3,SITE-001,SITE-001,DE->NL,SPLR-B,2025-09-09,2025-09-19,10,3.0,Quarantined,BLZ-137,2025-09
SHP-001-3,SITE-001,SITE-001,DE->NL,SPLR-B,2025-09-30,2025-10-05,5,-2.0,Quarantined,BLZ-137,2025-09
SHP-001-3,SITE-001,SITE-001,DE->NL,SPLR-B,2025-10-01,2025-10-11,10,3.0,Quarantined,BLZ-137,2025-10
SHP-002-1,SITE-002,SITE-002,DE->FR,SPLR-B,2025-07-21,2025-07-28,7,0.0,In Transit,BLZ-137,2025-07
SHP-002-1,SITE-002,SITE-002,DE->FR,SPLR-B,2025-07-14,2025-07-24,10,3.0,Delivered,BLZ-137,2025-07
SHP-002-1,SITE-002,SITE-002,DE->FR,SPLR-B,2025-07-22,2025-08-02,11,4.0,Delivered,BLZ-137,2025-07
SHP-002-2,SITE-002,SITE-002,DE->FR,SPLR-B,2025-08-07,2025-08-20,13,6.0,In Transit,BLZ-137,2025-08
SHP-002-2,SITE-002,SITE-002,DE->FR,SPLR-B,2025-08-08,2025-08-13,5,-2.0,Delivered,BLZ-137,2025-08
SHP-002-2,SITE-002,SITE-002,DE->FR,SPLR-B,2025-07-17,2025-07-25,8,1.0,Delivered,BLZ-137,2025-07
SHP-002-3,SITE-002,SITE-002,DE->FR,SPLR-B,2025-08-26,2025-09-02,7,0.0,Quarantined,BLZ-137,2025-08
SHP-002-3,SITE-002,SITE-002,DE->FR,SPLR-B,2025-10-09,2025-10-16,7,0.0,Quarantined,BLZ-137,2025-10
SHP-002-3,SITE-002,SITE-002,DE->FR,SPLR-B,2025-09-22,2025-10-02,10,3.0,Quarantined,BLZ-137,2025-09
SHP-003-1,SITE-003,SITE-003,IN->IN,SPLR-C,2025-07-18,2025-07-24,6,-1.0,Quarantined,BLZ-137,2025-07
SHP-003-1,SITE-003,SITE-003,IN->IN,SPLR-C,2025-07-20,2025-08-01,12,5.0,Quarantined,BLZ-137,2025-07
SHP-003-1,SITE-003,SITE-003,IN->IN,SPLR-C,2025-07-14,2025-07-23,9,2.0,Quarantined,BLZ-137,2025-07
SHP-003-2,SITE-003,SITE-003,IN->IN,SPLR-C,2025-08-04,2025-08-16,12,5.0,Quarantined,BLZ-137,2025-08
SHP-003-2,SITE-003,SITE-003,IN->IN,SPLR-C,2025-07-30,2025-08-12,13,6.0,Quarantined,BLZ-137,2025-07
SHP-003-2,SITE-003,SITE-003,IN->IN,SPLR-C,2025-07-06,2025-07-19,13,6.0,Quarantined,BLZ-137,2025-07
SHP-003-3,SITE-003,SITE-003,IN->IN,SPLR-C,2025-09-09,2025-09-18,9,2.0,Quarantined,BLZ-137,2025-09
SHP-003-3,SITE-003,SITE-003,IN->IN,SPLR-C,2025-09-29,2025-10-09,10,3.0,Quarantined,BLZ-137,2025-09
SHP-003-3,SITE-003,SITE-003,IN->IN,SPLR-C,2025-10-01,2025-10-14,13,6.0,Quarantined,BLZ-137,2025-10
SHP-004-1,SITE-004,SITE-004,DE->FR,SPLR-B,2025-07-12,2025-07-20,8,1.0,Quarantined,BLZ-137,2025-07
SHP-004-1,SITE-004,SITE-004,DE->FR,SPLR-B,2025-07-28,2025-08-07,10,3.0,Quarantined,BLZ-137,2025-07
SHP-004-1,SITE-004,SITE-004,DE->FR,SPLR-B,2025-07-24,2025-07-31,7,0.0,Quarantined,BLZ-137,2025-07
SHP-004-2,SITE-004,SITE-004,DE->FR,SPLR-B,2025-08-07,2025-08-17,10,3.0,Delivered,BLZ-137,2025-08
SHP-004-2,SITE-004,SITE-004,DE->FR,SPLR-B,2025-08-08,2025-08-15,7,0.0,Delivered,BLZ-137,2025-08
SHP-004-2,SITE-004,SITE-004,DE->FR,SPLR-B,2025-07-25,2025-08-07,13,6.0,Delivered,BLZ-137,2025-07
SHP-004-3,SITE-004,SITE-004,DE->FR,SPLR-B,2025-09-16,2025-09-24,8,1.0,Quarantined,BLZ-137,2025-09
SHP-004-3,SITE-004,SITE-004,DE->FR,SPLR-B,2025-09-28,2025-10-10,12,5.0,Quarantined,BLZ-137,2025-09
SHP-004-3,SITE-004,SITE-004,DE->FR,SPLR-B,2025-09-26,2025-10-04,8,1.0,Quarantined,BLZ-137,2025-09
SHP-005-1,SITE-005,SITE-005,US->US,SPLR-A,2025-07-15,2025-07-28,13,6.0,Quarantined,BLZ-137,2025-07
SHP-005-1,SITE-005,SITE-005,US->US,SPLR-A,2025-08-01,2025-08-06,5,-2.0,Quarantined,BLZ-137,2025-08
SHP-005-1,SITE-005,SITE-005,US->US,SPLR-A,2025-07-27,2025-08-05,9,2.0,Quarantined,BLZ-137,2025-07
SHP-005-2,SITE-005,SITE-005,US->US,SPLR-A,2025-08-08,2025-08-16,8,1.0,Quarantined,BLZ-137,2025-08
SHP-005-2,SITE-005,SITE-005,US->US,SPLR-A,2025-08-17,2025-08-29,12,5.0,Quarantined,BLZ-137,2025-08
SHP-005-2,SITE-005,SITE-005,US->US,SPLR-A,2025-07-17,2025-07-29,12,5.0,Quarantined,BLZ-137,2025-07
SHP-005-3,SITE-005,SITE-005,US->US,SPLR-A,2025-10-11,2025-10-18,7,0.0,Quarantined,BLZ-137,2025-10
SHP-005-3,SITE-005,SITE-005,US->US,SPLR-A,2025-09-27,2025-10-03,6,-1.0,Quarantined,BLZ-137,2025-09
SHP-005-3,SITE-005,SITE-005,US->US,SPLR-A,2025-09-30,2025-10-11,11,4.0,Quarantined,BLZ-137,2025-09
SHP-006-1,SITE-006,SITE-006,DE->GB,SPLR-B,2025-08-04,2025-08-10,6,-1.0,Quarantined,BLZ-137,2025-08
SHP-006-1,SITE-006,SITE-006,DE->GB,SPLR-B,2025-07-21,2025-07-31,10,3.0,Quarantined,BLZ-137,2025-07
SHP-006-1,SITE-006,SITE-006,DE->GB,SPLR-B,2025-07-18,2025-07-23,5,-2.0,Quarantined,BLZ-137,2025-07
SHP-006-2,SITE-006,SITE-006,DE->GB,SPLR-B,2025-08-13,2025-08-21,8,1.0,Quarantined,BLZ-137,2025-08
SHP-006-2,SITE-006,SITE-006,DE->GB,SPLR-B,2025-08-20,2025-08-29,9,2.0,Quarantined,BLZ-137,2025-08
SHP-006-2,SITE-006,SITE-006,DE->GB,SPLR-B,2025-07-25,2025-08-02,8,1.0,Quarantined,BLZ-137,2025-07
SHP-006-3,SITE-006,SITE-006,DE->GB,SPLR-B,2025-10-15,2025-10-21,6,-1.0,Delivered,BLZ-137,2025-10
SHP-006-3,SITE-006,SITE-006,DE->GB,SPLR-B,2025-09-21,2025-10-02,11,4.0,Delivered,BLZ-137,2025-09
SHP-006-3,SITE-006,SITE-006,DE->GB,SPLR-B,2025-10-09,2025-10-22,13,6.0,Delivered,BLZ-137,2025-10
SHP-007-1,SITE-007,SITE-007,US->US,SPLR-A,2025-07-23,2025-08-04,12,5.0,Quarantined,BLZ-137,2025-07
SHP-007-1,SITE-007,SITE-007,US->US,SPLR-A,2025-07-18,2025-07-26,8,1.0,Quarantined,BLZ-137,2025-07
SHP-007-1,SITE-007,SITE-007,US->US,SPLR-A,2025-07-11,2025-07-23,12,5.0,Quarantined,BLZ-137,2025-07
SHP-007-2,SITE-007,SITE-007,US->US,SPLR-A,2025-08-08,2025-08-18,10,3.0,Quarantined,BLZ-137,2025-08
SHP-007-2,SITE-007,SITE-007,US->US,SPLR-A,2025-08-16,2025-08-27,11,4.0,Quarantined,BLZ-137,2025-08
SHP-007-2,SITE-007,SITE-007,US->US,SPLR-A,2025-08-06,2025-08-15,9,2.0,Quarantined,BLZ-137,2025-08
SHP-007-3,SITE-007,SITE-007,US->US,SPLR-A,2025-10-05,2025-10-13,8,1.0,Quarantined,BLZ-137,2025-10
SHP-007-3,SITE-007,SITE-007,US->US,SPLR-A,2025-09-24,2025-09-30,6,-1.0,Quarantined,BLZ-137,2025-09
SHP-007-3,SITE-007,SITE-007,US->US,SPLR-A,2025-08-24,2025-09-06,13,6.0,Quarantined,BLZ-137,2025-08
SHP-008-1,SITE-008,SITE-008,US->CA,SPLR-A,2025-07-18,2025-07-24,6,-1.0,Delivered,BLZ-137,2025-07
SHP-008-1,SITE-008,SITE-008,US->CA,SPLR-A,2025-07-08,2025-07-14,6,-1.0,Delivered,BLZ-137,2025-07
SHP-008-1,SITE-008,SITE-008,US->CA,SPLR-A,2025-07-20,2025-07-25,5,-2.0,In Transit,BLZ-137,2025-07
SHP-008-2,SITE-008,SITE-008,US->CA,SPLR-A,2025-07-29,2025-08-04,6,-1.0,Quarantined,BLZ-137,2025-07
SHP-008-2,SITE-008,SITE-008,US->CA,SPLR-A,2025-08-07,2025-08-18,11,4.0,Quarantined,BLZ-137,2025-08
SHP-008-2,SITE-008,SITE-008,US->CA,SPLR-A,2025-07-12,2025-07-18,6,-1.0,Quarantined,BLZ-137,2025-07
SHP-008-3,SITE-008,SITE-008,US->CA,SPLR-A,2025-09-25,2025-09-30,5,-2.0,Quarantined,BLZ-137,2025-09
SHP-008-3,SITE-008,SITE-008,US->CA,SPLR-A,2025-09-10,2025-09-19,9,2.0,Quarantined,BLZ-137,2025-09
SHP-009-1,SITE-009,SITE-009,IN->IN,SPLR-C,2025-07-15,2025-07-27,12,5.0,Quarantined,BLZ-137,2025-07
SHP-009-1,SITE-009,SITE-009,IN->IN,SPLR-C,2025-07-05,2025-07-14,9,2.0,Quarantined,BLZ-137,2025-07
SHP-009-1,SITE-009,SITE-009,IN->IN,SPLR-C,2025-07-05,2025-07-18,13,6.0,Quarantined,BLZ-137,2025-07
SHP-009-2,SITE-009,SITE-009,IN->IN,SPLR-C,2025-07-19,2025-07-24,5,-2.0,Quarantined,BLZ-137,2025-07
SHP-009-2,SITE-009,SITE-009,IN->IN,SPLR-C,2025-08-05,2025-08-12,7,0.0,Quarantined,BLZ-137,2025-08
SHP-009-2,SITE-009,SITE-009,IN->IN,SPLR-C,2025-07-31,2025-08-07,7,0.0,Quarantined,BLZ-137,2025-07
SHP-009-3,SITE-009,SITE-009,IN->IN,SPLR-C,2025-09-24,2025-10-05,11,4.0,Quarantined,BLZ-137,2025-09
SHP-009-3,SITE-009,SITE-009,IN->IN,SPLR-C,2025-09-13,2025-09-19,6,-1.0,Quarantined,BLZ-137,2025-09
SHP-009-3,SITE-009,SITE-009,IN->IN,SPLR-C,2025-10-07,2025-10-12,5,-2.0,Quarantined,BLZ-137,2025-10
SHP-010-1,SITE-010,SITE-010,JP->AU,SPLR-D,2025-07-15,2025-07-23,8,1.0,Quarantined,BLZ-137,2025-07
SHP-010-1,SITE-010,SITE-010,JP->AU,SPLR-D,2025-07-18,2025-07-27,9,2.0,Quarantined,BLZ-137,2025-07
SHP-010-1,SITE-010,SITE-010,JP->AU,SPLR-D,2025-08-01,2025-08-06,5,-2.0,Quarantined,BLZ-137,2025-08
SHP-010-2,SITE-010,SITE-010,JP->AU,SPLR-D,2025-07-31,2025-08-10,10,3.0,Quarantined,BLZ-137,2025-07
SHP-010-2,SITE-010,SITE-010,JP->AU,SPLR-D,2025-08-08,2025-08-13,5,-2.0,Quarantined,BLZ-137,2025-08
SHP-010-2,SITE-010,SITE-010,JP->AU,SPLR-D,2025-08-17,2025-08-27,10,3.0,Quarantined,BLZ-137,2025-08
SHP-010-3,SITE-010,SITE-010,JP->AU,SPLR-D,2025-10-05,2025-10-10,5,-2.0,Quarantined,BLZ-137,2025-10
SHP-010-3,SITE-010,SITE-010,JP->AU,SPLR-D,2025-10-07,2025-10-15,8,1.0,Quarantined,BLZ-137,2025-10
SHP-010-3,SITE-010,SITE-010,JP->AU,SPLR-D,2025-10-07,2025-10-20,13,6.0,Quarantined,BLZ-137,2025-10
SHP-011-1,SITE-011,SITE-011,US->US,SPLR-A,2025-07-28,2025-08-07,10,3.0,Delivered,BLZ-137,2025-07
SHP-011-1,SITE-011,SITE-011,US->US,SPLR-A,2025-07-09,2025-07-20,11,4.0,In Transit,BLZ-137,2025-07
SHP-011-1,SITE-011,SITE-011,US->US,SPLR-A,2025-07-13,2025-07-26,13,6.0,Delivered,BLZ-137,2025-07
SHP-011-2,SITE-011,SITE-011,US->US,SPLR-A,2025-07-28,2025-08-04,7,0.0,Quarantined,BLZ-137,2025-07
SHP-011-2,SITE-011,SITE-011,US->US,SPLR-A,2025-06-26,2025-07-07,11,4.0,Quarantined,BLZ-137,2025-06
SHP-011-2,SITE-011,SITE-011,US->US,SPLR-A,2025-07-25,2025-08-03,9,2.0,Quarantined,BLZ-137,2025-07
SHP-011-3,SITE-011,SITE-011,US->US,SPLR-A,2025-09-22,2025-10-03,11,4.0,Delivered,BLZ-137,2025-09
SHP-011-3,SITE-011,SITE-011,US->US,SPLR-A,2025-09-24,2025-09-30,6,-1.0,Delivered,BLZ-137,2025-09
SHP-011-3,SITE-011,SITE-011,US->US,SPLR-A,2025-10-04,2025-10-15,11,4.0,Delivered,BLZ-137,2025-10
SHP-012-1,SITE-012,SITE-012,DE->ES,SPLR-B,2025-07-31,2025-08-12,12,5.0,Delivered,BLZ-137,2025-07
SHP-012-1,SITE-012,SITE-012,DE->ES,SPLR-B,2025-07-17,2025-07-22,5,-2.0,In Transit,BLZ-137,2025-07
SHP-012-1,SITE-012,SITE-012,DE->ES,SPLR-B,2025-07-09,2025-07-18,9,2.0,Delivered,BLZ-137,2025-07
SHP-012-2,SITE-012,SITE-012,DE->ES,SPLR-B,2025-08-02,2025-08-09,7,0.0,Quarantined,BLZ-137,2025-08
SHP-012-2,SITE-012,SITE-012,DE->ES,SPLR-B,2025-07-15,2025-07-20,5,-2.0,Quarantined,BLZ-137,2025-07
SHP-012-2,SITE-012,SITE-012,DE->ES,SPLR-B,2025-07-03,2025-07-10,7,0.0,Quarantined,BLZ-137,2025-07
SHP-012-3,SITE-012,SITE-012,DE->ES,SPLR-B,2025-10-05,2025-10-17,12,5.0,Delivered,BLZ-137,2025-10
SHP-012-3,SITE-012,SITE-012,DE->ES,SPLR-B,2025-08-23,2025-08-29,6,-1.0,Delivered,BLZ-137,2025-08
SHP-012-3,SITE-012,SITE-012,DE->ES,SPLR-B,2025-09-13,2025-09-24,11,4.0,In Transit,BLZ-137,2025-09
SHP-013-1,SITE-013,SITE-013,IN->IN,SPLR-C,2025-06-30,2025-07-11,11,4.0,Quarantined,BLZ-137,2025-06
SHP-013-1,SITE-013,SITE-013,IN->IN,SPLR-C,2025-08-01,2025-08-12,11,4.0,Quarantined,BLZ-137,2025-08
SHP-013-1,SITE-013,SITE-013,IN->IN,SPLR-C,2025-07-26,2025-08-01,6,-1.0,Quarantined,BLZ-137,2025-07
SHP-013-2,SITE-013,SITE-013,IN->IN,SPLR-C,2025-08-02,2025-08-09,7,0.0,Quarantined,BLZ-137,2025-08
SHP-013-2,SITE-013,SITE-013,IN->IN,SPLR-C,2025-07-24,2025-08-04,11,4.0,Quarantined,BLZ-137,2025-07
SHP-013-2,SITE-013,SITE-013,IN->IN,SPLR-C,2025-08-02,2025-08-13,11,4.0,Quarantined,BLZ-137,2025-08
SHP-013-3,SITE-013,SITE-013,IN->IN,SPLR-C,2025-09-11,2025-09-21,10,3.0,Quarantined,BLZ-137,2025-09
SHP-013-3,SITE-013,SITE-013,IN->IN,SPLR-C,2025-09-21,2025-10-02,11,4.0,Quarantined,BLZ-137,2025-09
SHP-013-3,SITE-013,SITE-013,IN->IN,SPLR-C,2025-10-08,2025-10-20,12,5.0,Quarantined,BLZ-137,2025-10
SHP-014-1,SITE-014,SITE-014,DE->DE,SPLR-B,2025-07-10,2025-07-16,6,-1.0,Quarantined,BLZ-137,2025-07
SHP-014-1,SITE-014,SITE-014,DE->DE,SPLR-B,2025-07-18,2025-07-24,6,-1.0,Quarantined,BLZ-137,2025-07
SHP-014-1,SITE-014,SITE-014,DE->DE,SPLR-B,2025-07-31,2025-08-11,11,4.0,Quarantined,BLZ-137,2025-07
SHP-014-2,SITE-014,SITE-014,DE->DE,SPLR-B,2025-07-30,2025-08-08,9,2.0,Quarantined,BLZ-137,2025-07
SHP-014-2,SITE-014,SITE-014,DE->DE,SPLR-B,2025-08-09,2025-08-19,10,3.0,Quarantined,BLZ-137,2025-08
SHP-014-2,SITE-014,SITE-014,DE->DE,SPLR-B,2025-08-12,2025-08-23,11,4.0,Quarantined,BLZ-137,2025-08
SHP-014-3,SITE-014,SITE-014,DE->DE,SPLR-B,2025-10-13,2025-10-22,9,2.0,Quarantined,BLZ-137,2025-10
SHP-014-3,SITE-014,SITE-014,DE->DE,SPLR-B,2025-09-19,2025-10-02,13,6.0,Quarantined,BLZ-137,2025-09
SHP-014-3,SITE-014,SITE-014,DE->DE,SPLR-B,2025-09-01,2025-09-13,12,5.0,Quarantined,BLZ-137,2025-09
SHP-015-1,SITE-015,SITE-015,US->CA,SPLR-A,2025-07-30,2025-08-10,11,4.0,Quarantined,BLZ-137,2025-07
SHP-015-1,SITE-015,SITE-015,US->CA,SPLR-A,2025-07-07,2025-07-15,8,1.0,Quarantined,BLZ-137,2025-07
SHP-015-1,SITE-015,SITE-015,US->CA,SPLR-A,2025-07-12,2025-07-20,8,1.0,Quarantined,BLZ-137,2025-07
SHP-015-2,SITE-015,SITE-015,US->CA,SPLR-A,2025-07-23,2025-08-05,13,6.0,Quarantined,BLZ-137,2025-07
SHP-015-2,SITE-015,SITE-015,US->CA,SPLR-A,2025-08-08,2025-08-21,13,6.0,Quarantined,BLZ-137,2025-08
SHP-015-2,SITE-015,SITE-015,US->CA,SPLR-A,2025-08-10,2025-08-18,8,1.0,Quarantined,BLZ-137,2025-08
SHP-015-3,SITE-015,SITE-015,US->CA,SPLR-A,2025-10-02,2025-10-14,12,5.0,Quarantined,BLZ-137,2025-10
SHP-015-3,SITE-015,SITE-015,US->CA,SPLR-A,2025-10-04,2025-10-17,13,6.0,Quarantined,BLZ-137,2025-10
SHP-015-3,SITE-015,SITE-015,US->CA,SPLR-A,2025-10-02,2025-10-08,6,-1.0,Quarantined,BLZ-137,2025-10
SHP-016-1,SITE-016,SITE-016,DE->DE,SPLR-B,2025-07-25,2025-07-31,6,-1.0,Quarantined,BLZ-137,2025-07
SHP-016-1,SITE-016,SITE-016,DE->DE,SPLR-B,2025-07-21,2025-07-27,6,-1.0,Quarantined,BLZ-137,2025-07
SHP-016-1,SITE-016,SITE-016,DE->DE,SPLR-B,2025-08-02,2025-08-10,8,1.0,Quarantined,BLZ-137,2025-08
SHP-016-2,SITE-016,SITE-016,DE->DE,SPLR-B,2025-08-17,2025-08-26,9,2.0,Quarantined,BLZ-137,2025-08
SHP-016-2,SITE-016,SITE-016,DE->DE,SPLR-B,2025-08-07,2025-08-15,8,1.0,Quarantined,BLZ-137,2025-08
SHP-016-2,SITE-016,SITE-016,DE->DE,SPLR-B,2025-08-05,2025-08-14,9,2.0,Quarantined,BLZ-137,2025-08
SHP-016-3,SITE-016,SITE-016,DE->DE,SPLR-B,2025-09-26,2025-10-04,8,1.0,Quarantined,BLZ-137,2025-09
SHP-016-3,SITE-016,SITE-016,DE->DE,SPLR-B,2025-09-29,2025-10-07,8,1.0,Quarantined,BLZ-137,2025-09
SHP-016-3,SITE-016,SITE-016,DE->DE,SPLR-B,2025-09-20,2025-09-26,6,-1.0,Quarantined,BLZ-137,2025-09
SHP-017-1,SITE-017,SITE-017,DE->ZA,SPLR-B,2025-07-07,2025-07-20,13,6.0,Quarantined,BLZ-137,2025-07
SHP-017-1,SITE-017,SITE-017,DE->ZA,SPLR-B,2025-07-17,2025-07-25,8,1.0,Quarantined,BLZ-137,2025-07
SHP-017-1,SITE-017,SITE-017,DE->ZA,SPLR-B,2025-07-10,2025-07-16,6,-1.0,Quarantined,BLZ-137,2025-07
SHP-017-2,SITE-017,SITE-017,DE->ZA,SPLR-B,2025-07-31,2025-08-07,7,0.0,Quarantined,BLZ-137,2025-07
SHP-017-2,SITE-017,SITE-017,DE->ZA,SPLR-B,2025-07-12,2025-07-18,6,-1.0,Quarantined,BLZ-137,2025-07
SHP-017-2,SITE-017,SITE-017,DE->ZA,SPLR-B,2025-08-11,2025-08-16,5,-2.0,Quarantined,BLZ-137,2025-08
SHP-017-3,SITE-017,SITE-017,DE->ZA,SPLR-B,2025-09-21,2025-09-28,7,0.0,Quarantined,BLZ-137,2025-09
SHP-017-3,SITE-017,SITE-017,DE->ZA,SPLR-B,2025-10-03,2025-10-15,12,5.0,Quarantined,BLZ-137,2025-10
SHP-017-3,SITE-017,SITE-017,DE->ZA,SPLR-B,2025-09-07,2025-09-16,9,2.0,Quarantined,BLZ-137,2025-09
SHP-018-1,SITE-018,SITE-018,JP->JP,SPLR-D,2025-08-01,2025-08-06,5,-2.0,Quarantined,BLZ-137,2025-08
SHP-018-1,SITE-018,SITE-018,JP->JP,SPLR-D,2025-07-08,2025-07-20,12,5.0,Quarantined,BLZ-137,2025-07
SHP-018-1,SITE-018,SITE-018,JP->JP,SPLR-D,2025-06-28,2025-07-08,10,3.0,Quarantined,BLZ-137,2025-06
SHP-018-2,SITE-018,SITE-018,JP->JP,SPLR-D,2025-08-07,2025-08-15,8,1.0,Delivered,BLZ-137,2025-08
SHP-018-2,SITE-018,SITE-018,JP->JP,SPLR-D,2025-08-02,2025-08-07,5,-2.0,In Transit,BLZ-137,2025-08
SHP-018-2,SITE-018,SITE-018,JP->JP,SPLR-D,2025-08-01,2025-08-07,6,-1.0,Delivered,BLZ-137,2025-08
SHP-018-3,SITE-018,SITE-018,JP->JP,SPLR-D,2025-10-02,2025-10-11,9,2.0,Quarantined,BLZ-137,2025-10
SHP-018-3,SITE-018,SITE-018,JP->JP,SPLR-D,2025-10-03,2025-10-13,10,3.0,Quarantined,BLZ-137,2025-10
SHP-018-3,SITE-018,SITE-018,JP->JP,SPLR-D,2025-09-07,2025-09-20,13,6.0,Quarantined,BLZ-137,2025-09
SHP-019-1,SITE-019,SITE-019,US->US,SPLR-A,2025-08-04,2025-08-17,13,6.0,Quarantined,BLZ-137,2025-08
SHP-019-1,SITE-019,SITE-019,US->US,SPLR-A,2025-07-20,2025-07-27,7,0.0,Quarantined,BLZ-137,2025-07
SHP-019-1,SITE-019,SITE-019,US->US,SPLR-A,2025-07-29,2025-08-11,13,6.0,Quarantined,BLZ-137,2025-07
SHP-019-2,SITE-019,SITE-019,US->US,SPLR-A,2025-07-29,2025-08-05,7,0.0,Quarantined,BLZ-137,2025-07
SHP-019-2,SITE-019,SITE-019,US->US,SPLR-A,2025-08-18,2025-08-28,10,3.0,Quarantined,BLZ-137,2025-08
SHP-019-2,SITE-019,SITE-019,US->US,SPLR-A,2025-08-04,2025-08-15,11,4.0,Quarantined,BLZ-137,2025-08
SHP-019-3,SITE-019,SITE-019,US->US,SPLR-A,2025-09-25,2025-09-30,5,-2.0,Quarantined,BLZ-137,2025-09
SHP-019-3,SITE-019,SITE-019,US->US,SPLR-A,2025-09-30,2025-10-07,7,0.0,Quarantined,BLZ-137,2025-09
SHP-019-3,SITE-019,SITE-019,US->US,SPLR-A,2025-10-02,2025-10-09,7,0.0,Quarantined,BLZ-137,2025-10
SHP-020-1,SITE-020,SITE-020,DE->NL,SPLR-B,2025-07-24,2025-08-05,12,5.0,Quarantined,BLZ-137,2025-07
SHP-020-1,SITE-020,SITE-020,DE->NL,SPLR-B,2025-07-21,2025-08-03,13,6.0,Quarantined,BLZ-137,2025-07
SHP-020-1,SITE-020,SITE-020,DE->NL,SPLR-B,2025-07-19,2025-07-26,7,0.0,Quarantined,BLZ-137,2025-07
SHP-020-2,SITE-020,SITE-020,DE->NL,SPLR-B,2025-07-31,2025-08-05,5,-2.0,Delivered,BLZ-137,2025-07
SHP-020-2,SITE-020,SITE-020,DE->NL,SPLR-B,2025-08-09,2025-08-16,7,0.0,Delivered,BLZ-137,2025-08
SHP-020-2,SITE-020,SITE-020,DE->NL,SPLR-B,2025-08-09,2025-08-19,10,3.0,Delivered,BLZ-137,2025-08
SHP-020-3,SITE-020,SITE-020,DE->NL,SPLR-B,2025-09-17,2025-09-29,12,5.0,Quarantined,BLZ-137,2025-09
SHP-020-3,SITE-020,SITE-020,DE->NL,SPLR-B,2025-10-07,2025-10-12,5,-2.0,Quarantined,BLZ-137,2025-10
SHP-020-3,SITE-020,SITE-020,DE->NL,SPLR-B,2025-10-04,2025-10-10,6,-1.0,Quarantined,BLZ-137,2025-10
SHP-021-1,SITE-021,SITE-021,US->CA,SPLR-A,2025-06-22,2025-06-29,7,0.0,Quarantined,BLZ-137,2025-06
SHP-021-1,SITE-021,SITE-021,US->CA,SPLR-A,2025-08-01,2025-08-13,12,5.0,Quarantined,BLZ-137,2025-08
SHP-021-1,SITE-021,SITE-021,US->CA,SPLR-A,2025-07-01,2025-07-09,8,1.0,Quarantined,BLZ-137,2025-07
SHP-021-2,SITE-021,SITE-021,US->CA,SPLR-A,2025-08-19,2025-08-24,5,-2.0,In Transit,BLZ-137,2025-08
SHP-021-2,SITE-021,SITE-021,US->CA,SPLR-A,2025-08-03,2025-08-16,13,6.0,Delivered,BLZ-137,2025-08
SHP-021-2,SITE-021,SITE-021,US->CA,SPLR-A,2025-07-24,2025-08-03,10,3.0,Delivered,BLZ-137,2025-07
SHP-021-3,SITE-021,SITE-021,US->CA,SPLR-A,2025-09-14,2025-09-27,13,6.0,Quarantined,BLZ-137,2025-09
SHP-021-3,SITE-021,SITE-021,US->CA,SPLR-A,2025-09-29,2025-10-06,7,0.0,Quarantined,BLZ-137,2025-09
SHP-021-3,SITE-021,SITE-021,US->CA,SPLR-A,2025-10-09,2025-10-16,7,0.0,Quarantined,BLZ-137,2025-10
SHP-022-1,SITE-022,SITE-022,US->US,SPLR-A,2025-07-25,2025-08-03,9,2.0,Quarantined,BLZ-137,2025-07
SHP-022-1,SITE-022,SITE-022,US->US,SPLR-A,2025-07-21,2025-07-30,9,2.0,Quarantined,BLZ-137,2025-07
SHP-022-1,SITE-022,SITE-022,US->US,SPLR-A,2025-07-18,2025-07-28,10,3.0,Quarantined,BLZ-137,2025-07
SHP-022-2,SITE-022,SITE-022,US->US,SPLR-A,2025-08-12,2025-08-20,8,1.0,Quarantined,BLZ-137,2025-08
SHP-022-2,SITE-022,SITE-022,US->US,SPLR-A,2025-08-12,2025-08-18,6,-1.0,Quarantined,BLZ-137,2025-08
SHP-022-2,SITE-022,SITE-022,US->US,SPLR-A,2025-08-07,2025-08-15,8,1.0,Quarantined,BLZ-137,2025-08
SHP-022-3,SITE-022,SITE-022,US->US,SPLR-A,2025-10-10,2025-10-22,12,5.0,Quarantined,BLZ-137,2025-10
SHP-022-3,SITE-022,SITE-022,US->US,SPLR-A,2025-09-21,2025-09-30,9,2.0,Quarantined,BLZ-137,2025-09
SHP-022-3,SITE-022,SITE-022,US->US,SPLR-A,2025-09-28,2025-10-08,10,3.0,Quarantined,BLZ-137,2025-09
SHP-023-1,SITE-023,SITE-023,DE->ES,SPLR-B,2025-07-13,2025-07-18,5,-2.0,Quarantined,BLZ-137,2025-07
SHP-023-1,SITE-023,SITE-023,DE->ES,SPLR-B,2025-07-17,2025-07-28,11,4.0,Quarantined,BLZ-137,2025-07
SHP-023-1,SITE-023,SITE-023,DE->ES,SPLR-B,2025-07-21,2025-07-27,6,-1.0,Quarantined,BLZ-137,2025-07
SHP-023-2,SITE-023,SITE-023,DE->ES,SPLR-B,2025-08-13,2025-08-24,11,4.0,Delivered,BLZ-137,2025-08
SHP-023-2,SITE-023,SITE-023,DE->ES,SPLR-B,2025-07-28,2025-08-08,11,4.0,Delivered,BLZ-137,2025-07
SHP-023-2,SITE-023,SITE-023,DE->ES,SPLR-B,2025-08-05,2025-08-10,5,-2.0,In Transit,BLZ-137,2025-08
SHP-023-3,SITE-023,SITE-023,DE->ES,SPLR-B,2025-09-30,2025-10-09,9,2.0,Quarantined,BLZ-137,2025-09
SHP-023-3,SITE-023,SITE-023,DE->ES,SPLR-B,2025-09-13,2025-09-22,9,2.0,Quarantined,BLZ-137,2025-09
SHP-023-3,SITE-023,SITE-023,DE->ES,SPLR-B,2025-10-05,2025-10-18,13,6.0,Quarantined,BLZ-137,2025-10
SHP-024-1,SITE-024,SITE-024,DE->ES,SPLR-B,2025-07-16,2025-07-25,9,2.0,Quarantined,BLZ-137,2025-07
SHP-024-1,SITE-024,SITE-024,DE->ES,SPLR-B,2025-07-19,2025-07-29,10,3.0,Quarantined,BLZ-137,2025-07
SHP-024-1,SITE-024,SITE-024,DE->ES,SPLR-B,2025-07-24,2025-08-01,8,1.0,Quarantined,BLZ-137,2025-07
SHP-024-2,SITE-024,SITE-024,DE->ES,SPLR-B,2025-07-25,2025-08-05,11,4.0,Delivered,BLZ-137,2025-07
SHP-024-2,SITE-024,SITE-024,DE->ES,SPLR-B,2025-07-29,2025-08-06,8,1.0,Delivered,BLZ-137,2025-07
SHP-024-2,SITE-024,SITE-024,DE->ES,SPLR-B,2025-08-11,2025-08-18,7,0.0,Delivered,BLZ-137,2025-08
SHP-024-3,SITE-024,SITE-024,DE->ES,SPLR-B,2025-09-15,2025-09-22,7,0.0,Quarantined,BLZ-137,2025-09
SHP-024-3,SITE-024,SITE-024,DE->ES,SPLR-B,2025-09-25,2025-09-30,5,-2.0,Quarantined,BLZ-137,2025-09
SHP-024-3,SITE-024,SITE-024,DE->ES,SPLR-B,2025-09-26,2025-10-07,11,4.0,Quarantined,BLZ-137,2025-09
SHP-025-1,SITE-025,SITE-025,DE->GB,SPLR-B,2025-08-02,2025-08-07,5,-2.0,Delivered,BLZ-137,2025-08
SHP-025-1,SITE-025,SITE-025,DE->GB,SPLR-B,2025-07-18,2025-07-30,12,5.0,Delivered,BLZ-137,2025-07
SHP-025-1,SITE-025,SITE-025,DE->GB,SPLR-B,2025-07-11,2025-07-16,5,-2.0,Delivered,BLZ-137,2025-07
SHP-025-2,SITE-025,SITE-025,DE->GB,SPLR-B,2025-07-31,2025-08-13,13,6.0,Delivered,BLZ-137,2025-07
SHP-025-2,SITE-025,SITE-025,DE->GB,SPLR-B,2025-07-31,2025-08-08,8,1.0,Delivered,BLZ-137,2025-07
SHP-025-2,SITE-025,SITE-025,DE->GB,SPLR-B,2025-07-31,2025-08-09,9,2.0,Delivered,BLZ-137,2025-07
SHP-025-3,SITE-025,SITE-025,DE->GB,SPLR-B,2025-10-01,2025-10-14,13,6.0,Quarantined,BLZ-137,2025-10
SHP-025-3,SITE-025,SITE-025,DE->GB,SPLR-B,2025-09-16,2025-09-29,13,6.0,Quarantined,BLZ-137,2025-09
SHP-025-3,SITE-025,SITE-025,DE->GB,SPLR-B,2025-09-28,2025-10-03,5,-2.0,Quarantined,BLZ-137,2025-09
SHP-026-1,SITE-026,SITE-026,DE->NL,SPLR-B,2025-07-25,2025-07-31,6,-1.0,Delivered,BLZ-137,2025-07
SHP-026-1,SITE-026,SITE-026,DE->NL,SPLR-B,2025-07-26,2025-08-06,11,4.0,In Transit,BLZ-137,2025-07
SHP-026-1,SITE-026,SITE-026,DE->NL,SPLR-B,2025-07-24,2025-08-05,12,5.0,Delivered,BLZ-137,2025-07
SHP-026-2,SITE-026,SITE-026,DE->NL,SPLR-B,2025-08-06,2025-08-16,10,3.0,Quarantined,BLZ-137,2025-08
SHP-026-2,SITE-026,SITE-026,DE->NL,SPLR-B,2025-08-11,2025-08-24,13,6.0,Quarantined,BLZ-137,2025-08
SHP-026-2,SITE-026,SITE-026,DE->NL,SPLR-B,2025-08-09,2025-08-14,5,-2.0,Quarantined,BLZ-137,2025-08
SHP-026-3,SITE-026,SITE-026,DE->NL,SPLR-B,2025-09-22,2025-09-29,7,0.0,Quarantined,BLZ-137,2025-09
SHP-026-3,SITE-026,SITE-026,DE->NL,SPLR-B,2025-10-14,2025-10-25,11,4.0,Quarantined,BLZ-137,2025-10
SHP-026-3,SITE-026,SITE-026,DE->NL,SPLR-B,2025-09-30,2025-10-05,5,-2.0,Quarantined,BLZ-137,2025-09
SHP-027-1,SITE-027,SITE-027,DE->GB,SPLR-B,2025-07-19,2025-08-01,13,6.0,Quarantined,BLZ-137,2025-07
SHP-027-1,SITE-027,SITE-027,DE->GB,SPLR-B,2025-07-07,2025-07-13,6,-1.0,Quarantined,BLZ-137,2025-07
SHP-027-1,SITE-027,SITE-027,DE->GB,SPLR-B,2025-07-22,2025-07-29,7,0.0,Quarantined,BLZ-137,2025-07
SHP-027-2,SITE-027,SITE-027,DE->GB,SPLR-B,2025-08-18,2025-08-27,9,2.0,Quarantined,BLZ-137,2025-08
SHP-027-2,SITE-027,SITE-027,DE->GB,SPLR-B,2025-07-30,2025-08-12,13,6.0,Quarantined,BLZ-137,2025-07
SHP-027-2,SITE-027,SITE-027,DE->GB,SPLR-B,2025-06-17,2025-06-29,12,5.0,Quarantined,BLZ-137,2025-06
SHP-027-3,SITE-027,SITE-027,DE->GB,SPLR-B,2025-10-04,2025-10-15,11,4.0,Quarantined,BLZ-137,2025-10
SHP-027-3,SITE-027,SITE-027,DE->GB,SPLR-B,2025-09-26,2025-10-09,13,6.0,Quarantined,BLZ-137,2025-09
SHP-027-3,SITE-027,SITE-027,DE->GB,SPLR-B,2025-10-04,2025-10-12,8,1.0,Quarantined,BLZ-137,2025-10
SHP-028-1,SITE-028,SITE-028,JP->KR,SPLR-D,2025-07-27,2025-08-08,12,5.0,Quarantined,BLZ-137,2025-07
SHP-028-1,SITE-028,SITE-028,JP->KR,SPLR-D,2025-07-28,2025-08-05,8,1.0,Quarantined,BLZ-137,2025-07
SHP-028-1,SITE-028,SITE-028,JP->KR,SPLR-D,2025-07-20,2025-07-27,7,0.0,Quarantined,BLZ-137,2025-07
SHP-028-2,SITE-028,SITE-028,JP->KR,SPLR-D,2025-08-01,2025-08-10,9,2.0,Delivered,BLZ-137,2025-08
SHP-028-2,SITE-028,SITE-028,JP->KR,SPLR-D,2025-08-11,2025-08-16,5,-2.0,Delivered,BLZ-137,2025-08
SHP-028-2,SITE-028,SITE-028,JP->KR,SPLR-D,2025-07-17,2025-07-26,9,2.0,Delivered,BLZ-137,2025-07
SHP-028-3,SITE-028,SITE-028,JP->KR,SPLR-D,2025-09-17,2025-09-28,11,4.0,Delivered,BLZ-137,2025-09
SHP-028-3,SITE-028,SITE-028,JP->KR,SPLR-D,2025-10-01,2025-10-12,11,4.0,Delivered,BLZ-137,2025-10
SHP-028-3,SITE-028,SITE-028,JP->KR,SPLR-D,2025-10-01,2025-10-13,12,5.0,Delivered,BLZ-137,2025-10
SHP-029-1,SITE-029,SITE-029,JP->JP,SPLR-D,2025-07-25,2025-08-07,13,6.0,Quarantined,BLZ-137,2025-07
SHP-029-1,SITE-029,SITE-029,JP->JP,SPLR-D,2025-07-09,2025-07-18,9,2.0,Quarantined,BLZ-137,2025-07
SHP-029-1,SITE-029,SITE-029,JP->JP,SPLR-D,2025-07-22,2025-07-27,5,-2.0,Quarantined,BLZ-137,2025-07
SHP-029-2,SITE-029,SITE-029,JP->JP,SPLR-D,2025-07-27,2025-08-03,7,0.0,Quarantined,BLZ-137,2025-07
SHP-029-2,SITE-029,SITE-029,JP->JP,SPLR-D,2025-08-05,2025-08-11,6,-1.0,Quarantined,BLZ-137,2025-08
SHP-029-2,SITE-029,SITE-029,JP->JP,SPLR-D,2025-08-01,2025-08-06,5,-2.0,Quarantined,BLZ-137,2025-08
SHP-029-3,SITE-029,SITE-029,JP->JP,SPLR-D,2025-10-16,2025-10-28,12,5.0,Quarantined,BLZ-137,2025-10
SHP-029-3,SITE-029,SITE-029,JP->JP,SPLR-D,2025-09-22,2025-09-30,8,1.0,Quarantined,BLZ-137,2025-09
SHP-029-3,SITE-029,SITE-029,JP->JP,SPLR-D,2025-09-15,2025-09-23,8,1.0,Quarantined,BLZ-137,2025-09
SHP-030-1,SITE-030,SITE-030,DE->GB,SPLR-B,2025-07-06,2025-07-11,5,-2.0,Delivered,BLZ-137,2025-07
SHP-030-1,SITE-030,SITE-030,DE->GB,SPLR-B,2025-07-31,2025-08-10,10,3.0,Delivered,BLZ-137,2025-07
SHP-030-1,SITE-030,SITE-030,DE->GB,SPLR-B,2025-07-25,2025-07-31,6,-1.0,Delivered,BLZ-137,2025-07
SHP-030-2,SITE-030,SITE-030,DE->GB,SPLR-B,2025-08-10,2025-08-20,10,3.0,Delivered,BLZ-137,2025-08
SHP-030-2,SITE-030,SITE-030,DE->GB,SPLR-B,2025-07-15,2025-07-27,12,5.0,Delivered,BLZ-137,2025-07
SHP-030-2,SITE-030,SITE-030,DE->GB,SPLR-B,2025-07-31,2025-08-09,9,2.0,Delivered,BLZ-137,2025-07
SHP-030-3,SITE-030,SITE-030,DE->GB,SPLR-B,2025-10-08,2025-10-15,7,0.0,Quarantined,BLZ-137,2025-10
SHP-030-3,SITE-030,SITE-030,DE->GB,SPLR-B,2025-09-18,2025-09-30,12,5.0,Quarantined,BLZ-137,2025-09
SHP-030-3,SITE-030,SITE-030,DE->GB,SPLR-B,2025-10-03,2025-10-13,10,3.0,Quarantined,BLZ-137,2025-10
SHP-031-1,SITE-031,SITE-031,IN->IN,SPLR-C,2025-07-24,2025-08-04,11,4.0,In Transit,BLZ-137,2025-07
SHP-031-1,SITE-031,SITE-031,IN->IN,SPLR-C,2025-07-25,2025-08-05,11,4.0,Delivered,BLZ-137,2025-07
SHP-031-1,SITE-031,SITE-031,IN->IN,SPLR-C,2025-07-21,2025-07-31,10,3.0,In Transit,BLZ-137,2025-07
SHP-031-2,SITE-031,SITE-031,IN->IN,SPLR-C,2025-08-12,2025-08-22,10,3.0,In Transit,BLZ-137,2025-08
SHP-031-2,SITE-031,SITE-031,IN->IN,SPLR-C,2025-08-14,2025-08-27,13,6.0,In Transit,BLZ-137,2025-08
SHP-031-2,SITE-031,SITE-031,IN->IN,SPLR-C,2025-07-25,2025-08-04,10,3.0,Delivered,BLZ-137,2025-07
SHP-031-3,SITE-031,SITE-031,IN->IN,SPLR-C,2025-10-03,2025-10-10,7,0.0,Quarantined,BLZ-137,2025-10
SHP-031-3,SITE-031,SITE-031,IN->IN,SPLR-C,2025-09-27,2025-10-10,13,6.0,Quarantined,BLZ-137,2025-09
SHP-031-3,SITE-031,SITE-031,IN->IN,SPLR-C,2025-09-21,2025-09-26,5,-2.0,Quarantined,BLZ-137,2025-09
SHP-032-1,SITE-032,SITE-032,DE->FR,SPLR-B,2025-07-18,2025-07-28,10,3.0,Quarantined,BLZ-137,2025-07
SHP-032-1,SITE-032,SITE-032,DE->FR,SPLR-B,2025-07-23,2025-08-01,9,2.0,Quarantined,BLZ-137,2025-07
SHP-032-1,SITE-032,SITE-032,DE->FR,SPLR-B,2025-07-19,2025-07-31,12,5.0,Quarantined,BLZ-137,2025-07
SHP-032-2,SITE-032,SITE-032,DE->FR,SPLR-B,2025-07-21,2025-07-28,7,0.0,Quarantined,BLZ-137,2025-07
SHP-032-2,SITE-032,SITE-032,DE->FR,SPLR-B,2025-08-10,2025-08-23,13,6.0,Quarantined,BLZ-137,2025-08
SHP-032-2,SITE-032,SITE-032,DE->FR,SPLR-B,2025-08-04,2025-08-10,6,-1.0,Quarantined,BLZ-137,2025-08
SHP-032-3,SITE-032,SITE-032,DE->FR,SPLR-B,2025-09-30,2025-10-09,9,2.0,Quarantined,BLZ-137,2025-09
SHP-032-3,SITE-032,SITE-032,DE->FR,SPLR-B,2025-10-01,2025-10-07,6,-1.0,Quarantined,BLZ-137,2025-10
SHP-032-3,SITE-032,SITE-032,DE->FR,SPLR-B,2025-10-01,2025-10-11,10,3.0,Quarantined,BLZ-137,2025-10
SHP-033-1,SITE-033,SITE-033,JP->JP,SPLR-D,2025-07-01,2025-07-07,6,-1.0,Quarantined,BLZ-137,2025-07
SHP-033-1,SITE-033,SITE-033,JP->JP,SPLR-D,2025-07-26,2025-07-31,5,-2.0,Quarantined,BLZ-137,2025-07
SHP-033-1,SITE-033,SITE-033,JP->JP,SPLR-D,2025-07-14,2025-07-19,5,-2.0,Quarantined,BLZ-137,2025-07
SHP-033-2,SITE-033,SITE-033,JP->JP,SPLR-D,2025-07-18,2025-07-30,12,5.0,Delivered,BLZ-137,2025-07
SHP-033-2,SITE-033,SITE-033,JP->JP,SPLR-D,2025-08-12,2025-08-22,10,3.0,Delivered,BLZ-137,2025-08
SHP-033-2,SITE-033,SITE-033,JP->JP,SPLR-D,2025-08-07,2025-08-19,12,5.0,Delivered,BLZ-137,2025-08
SHP-033-3,SITE-033,SITE-033,JP->JP,SPLR-D,2025-09-18,2025-09-25,7,0.0,Quarantined,BLZ-137,2025-09
SHP-033-3,SITE-033,SITE-033,JP->JP,SPLR-D,2025-09-26,2025-10-09,13,6.0,Quarantined,BLZ-137,2025-09
SHP-033-3,SITE-033,SITE-033,JP->JP,SPLR-D,2025-09-29,2025-10-08,9,2.0,Quarantined,BLZ-137,2025-09
SHP-034-1,SITE-034,SITE-034,DE->FR,SPLR-B,2025-07-21,2025-07-26,5,-2.0,Quarantined,BLZ-137,2025-07
SHP-034-1,SITE-034,SITE-034,DE->FR,SPLR-B,2025-06-15,2025-06-25,10,3.0,Quarantined,BLZ-137,2025-06
SHP-034-1,SITE-034,SITE-034,DE->FR,SPLR-B,2025-07-21,2025-08-02,12,5.0,Quarantined,BLZ-137,2025-07
SHP-034-2,SITE-034,SITE-034,DE->FR,SPLR-B,2025-07-28,2025-08-08,11,4.0,Quarantined,BLZ-137,2025-07
SHP-034-2,SITE-034,SITE-034,DE->FR,SPLR-B,2025-08-15,2025-08-21,6,-1.0,Quarantined,BLZ-137,2025-08
SHP-034-2,SITE-034,SITE-034,DE->FR,SPLR-B,2025-07-20,2025-08-02,13,6.0,Quarantined,BLZ-137,2025-07
SHP-034-3,SITE-034,SITE-034,DE->FR,SPLR-B,2025-10-01,2025-10-08,7,0.0,Quarantined,BLZ-137,2025-10
SHP-034-3,SITE-034,SITE-034,DE->FR,SPLR-B,2025-10-04,2025-10-17,13,6.0,Quarantined,BLZ-137,2025-10
SHP-034-3,SITE-034,SITE-034,DE->FR,SPLR-B,2025-09-07,2025-09-17,10,3.0,Quarantined,BLZ-137,2025-09
SHP-035-1,SITE-035,SITE-035,DE->ZA,SPLR-B,2025-07-11,2025-07-17,6,-1.0,Quarantined,BLZ-137,2025-07
SHP-035-1,SITE-035,SITE-035,DE->ZA,SPLR-B,2025-07-15,2025-07-22,7,0.0,Quarantined,BLZ-137,2025-07
SHP-035-1,SITE-035,SITE-035,DE->ZA,SPLR-B,2025-07-19,2025-08-01,13,6.0,Quarantined,BLZ-137,2025-07
SHP-035-2,SITE-035,SITE-035,DE->ZA,SPLR-B,2025-07-28,2025-08-05,8,1.0,Quarantined,BLZ-137,2025-07
SHP-035-2,SITE-035,SITE-035,DE->ZA,SPLR-B,2025-08-02,2025-08-15,13,6.0,Quarantined,BLZ-137,2025-08
SHP-035-2,SITE-035,SITE-035,DE->ZA,SPLR-B,2025-07-27,2025-08-02,6,-1.0,Quarantined,BLZ-137,2025-07
SHP-035-3,SITE-035,SITE-035,DE->ZA,SPLR-B,2025-09-01,2025-09-10,9,2.0,Quarantined,BLZ-137,2025-09
SHP-035-3,SITE-035,SITE-035,DE->ZA,SPLR-B,2025-09-17,2025-09-22,5,-2.0,Quarantined,BLZ-137,2025-09
SHP-035-3,SITE-035,SITE-035,DE->ZA,SPLR-B,2025-08-28,2025-09-09,12,5.0,Quarantined,BLZ-137,2025-08
SHP-036-1,SITE-036,SITE-036,DE->NL,SPLR-B,2025-07-16,2025-07-27,11,4.0,Quarantined,BLZ-137,2025-07
SHP-036-1,SITE-036,SITE-036,DE->NL,SPLR-B,2025-07-01,2025-07-07,6,-1.0,Quarantined,BLZ-137,2025-07
SHP-036-1,SITE-036,SITE-036,DE->NL,SPLR-B,2025-07-18,2025-07-28,10,3.0,Quarantined,BLZ-137,2025-07
SHP-036-2,SITE-036,SITE-036,DE->NL,SPLR-B,2025-07-31,2025-08-06,6,-1.0,Quarantined,BLZ-137,2025-07
SHP-036-2,SITE-036,SITE-036,DE->NL,SPLR-B,2025-08-02,2025-08-10,8,1.0,Quarantined,BLZ-137,2025-08
SHP-036-2,SITE-036,SITE-036,DE->NL,SPLR-B,2025-07-26,2025-08-06,11,4.0,Quarantined,BLZ-137,2025-07
SHP-036-3,SITE-036,SITE-036,DE->NL,SPLR-B,2025-09-23,2025-09-30,7,0.0,Quarantined,BLZ-137,2025-09
SHP-036-3,SITE-036,SITE-036,DE->NL,SPLR-B,2025-09-17,2025-09-24,7,0.0,Quarantined,BLZ-137,2025-09
SHP-036-3,SITE-036,SITE-036,DE->NL,SPLR-B,2025-10-04,2025-10-15,11,4.0,Quarantined,BLZ-137,2025-10
SHP-037-1,SITE-037,SITE-037,IN->IN,SPLR-C,2025-07-22,2025-07-30,8,1.0,Quarantined,BLZ-137,2025-07
SHP-037-1,SITE-037,SITE-037,IN->IN,SPLR-C,2025-07-13,2025-07-23,10,3.0,Quarantined,BLZ-137,2025-07
SHP-037-1,SITE-037,SITE-037,IN->IN,SPLR-C,2025-08-05,2025-08-18,13,6.0,Quarantined,BLZ-137,2025-08
SHP-037-2,SITE-037,SITE-037,IN->IN,SPLR-C,2025-08-09,2025-08-16,7,0.0,Quarantined,BLZ-137,2025-08
SHP-037-2,SITE-037,SITE-037,IN->IN,SPLR-C,2025-08-08,2025-08-20,12,5.0,Quarantined,BLZ-137,2025-08
SHP-037-2,SITE-037,SITE-037,IN->IN,SPLR-C,2025-07-25,2025-08-05,11,4.0,Quarantined,BLZ-137,2025-07
SHP-037-3,SITE-037,SITE-037,IN->IN,SPLR-C,2025-10-03,2025-10-13,10,3.0,Quarantined,BLZ-137,2025-10
SHP-037-3,SITE-037,SITE-037,IN->IN,SPLR-C,2025-09-24,2025-10-01,7,0.0,Quarantined,BLZ-137,2025-09
SHP-037-3,SITE-037,SITE-037,IN->IN,SPLR-C,2025-10-07,2025-10-18,11,4.0,Quarantined,BLZ-137,2025-10
SHP-038-1,SITE-038,SITE-038,US->CA,SPLR-A,2025-07-27,2025-08-07,11,4.0,Quarantined,BLZ-137,2025-07
SHP-038-1,SITE-038,SITE-038,US->CA,SPLR-A,2025-07-13,2025-07-20,7,0.0,Quarantined,BLZ-137,2025-07
SHP-038-1,SITE-038,SITE-038,US->CA,SPLR-A,2025-07-29,2025-08-06,8,1.0,Quarantined,BLZ-137,2025-07
SHP-038-2,SITE-038,SITE-038,US->CA,SPLR-A,2025-08-14,2025-08-23,9,2.0,Delivered,BLZ-137,2025-08
SHP-038-2,SITE-038,SITE-038,US->CA,SPLR-A,2025-08-09,2025-08-14,5,-2.0,In Transit,BLZ-137,2025-08
SHP-038-2,SITE-038,SITE-038,US->CA,SPLR-A,2025-08-18,2025-08-26,8,1.0,Delivered,BLZ-137,2025-08
SHP-038-3,SITE-038,SITE-038,US->CA,SPLR-A,2025-10-05,2025-10-10,5,-2.0,Quarantined,BLZ-137,2025-10
SHP-038-3,SITE-038,SITE-038,US->CA,SPLR-A,2025-10-06,2025-10-19,13,6.0,Quarantined,BLZ-137,2025-10
SHP-038-3,SITE-038,SITE-038,US->CA,SPLR-A,2025-10-12,2025-10-19,7,0.0,Quarantined,BLZ-137,2025-10
SHP-039-1,SITE-039,SITE-039,US->CA,SPLR-A,2025-08-04,2025-08-13,9,2.0,Quarantined,BLZ-137,2025-08
SHP-039-1,SITE-039,SITE-039,US->CA,SPLR-A,2025-07-14,2025-07-27,13,6.0,Quarantined,BLZ-137,2025-07
SHP-039-1,SITE-039,SITE-039,US->CA,SPLR-A,2025-07-15,2025-07-21,6,-1.0,Quarantined,BLZ-137,2025-07
SHP-039-2,SITE-039,SITE-039,US->CA,SPLR-A,2025-08-11,2025-08-16,5,-2.0,Quarantined,BLZ-137,2025-08
SHP-039-2,SITE-039,SITE-039,US->CA,SPLR-A,2025-08-15,2025-08-24,9,2.0,Quarantined,BLZ-137,2025-08
SHP-039-2,SITE-039,SITE-039,US->CA,SPLR-A,2025-07-14,2025-07-21,7,0.0,Quarantined,BLZ-137,2025-07
SHP-039-3,SITE-039,SITE-039,US->CA,SPLR-A,2025-09-28,2025-10-11,13,6.0,Quarantined,BLZ-137,2025-09
SHP-039-3,SITE-039,SITE-039,US->CA,SPLR-A,2025-09-30,2025-10-11,11,4.0,Quarantined,BLZ-137,2025-09
SHP-039-3,SITE-039,SITE-039,US->CA,SPLR-A,2025-09-23,2025-10-04,11,4.0,Quarantined,BLZ-137,2025-09
SHP-040-1,SITE-040,SITE-040,DE->IT,SPLR-B,2025-07-30,2025-08-10,11,4.0,Quarantined,BLZ-137,2025-07
SHP-040-1,SITE-040,SITE-040,DE->IT,SPLR-B,2025-07-19,2025-07-28,9,2.0,Quarantined,BLZ-137,2025-07
SHP-040-1,SITE-040,SITE-040,DE->IT,SPLR-B,2025-07-23,2025-08-05,13,6.0,Quarantined,BLZ-137,2025-07
SHP-040-2,SITE-040,SITE-040,DE->IT,SPLR-B,2025-08-16,2025-08-26,10,3.0,Quarantined,BLZ-137,2025-08
SHP-040-2,SITE-040,SITE-040,DE->IT,SPLR-B,2025-08-13,2025-08-20,7,0.0,Quarantined,BLZ-137,2025-08
SHP-040-2,SITE-040,SITE-040,DE->IT,SPLR-B,2025-08-02,2025-08-08,6,-1.0,Quarantined,BLZ-137,2025-08
SHP-040-3,SITE-040,SITE-040,DE->IT,SPLR-B,2025-10-12,2025-10-19,7,0.0,Quarantined,BLZ-137,2025-10
SHP-040-3,SITE-040,SITE-040,DE->IT,SPLR-B,2025-09-30,2025-10-11,11,4.0,Quarantined,BLZ-137,2025-09
SHP-040-3,SITE-040,SITE-040,DE->IT,SPLR-B,2025-09-16,2025-09-27,11,4.0,Quarantined,BLZ-137,2025-09
SHP-041-1,SITE-041,SITE-041,US->BR,SPLR-A,2025-07-26,2025-08-03,8,1.0,Delivered,BLZ-137,2025-07
SHP-041-1,SITE-041,SITE-041,US->BR,SPLR-A,2025-07-16,2025-07-23,7,0.0,In Transit,BLZ-137,2025-07
SHP-041-1,SITE-041,SITE-041,US->BR,SPLR-A,2025-07-23,2025-07-29,6,-1.0,Delivered,BLZ-137,2025-07
SHP-041-2,SITE-041,SITE-041,US->BR,SPLR-A,2025-08-18,2025-08-23,5,-2.0,Quarantined,BLZ-137,2025-08
SHP-041-2,SITE-041,SITE-041,US->BR,SPLR-A,2025-08-02,2025-08-13,11,4.0,Quarantined,BLZ-137,2025-08
SHP-041-2,SITE-041,SITE-041,US->BR,SPLR-A,2025-08-19,2025-08-28,9,2.0,Quarantined,BLZ-137,2025-08
SHP-041-3,SITE-041,SITE-041,US->BR,SPLR-A,2025-10-11,2025-10-20,9,2.0,Quarantined,BLZ-137,2025-10
SHP-041-3,SITE-041,SITE-041,US->BR,SPLR-A,2025-10-05,2025-10-13,8,1.0,Quarantined,BLZ-137,2025-10
SHP-041-3,SITE-041,SITE-041,US->BR,SPLR-A,2025-09-18,2025-09-26,8,1.0,Quarantined,BLZ-137,2025-09
SHP-042-1,SITE-042,SITE-042,US->CA,SPLR-A,2025-07-19,2025-07-24,5,-2.0,Quarantined,BLZ-137,2025-07
SHP-042-1,SITE-042,SITE-042,US->CA,SPLR-A,2025-07-24,2025-08-06,13,6.0,Quarantined,BLZ-137,2025-07
SHP-042-1,SITE-042,SITE-042,US->CA,SPLR-A,2025-07-22,2025-07-28,6,-1.0,Quarantined,BLZ-137,2025-07
SHP-042-2,SITE-042,SITE-042,US->CA,SPLR-A,2025-07-13,2025-07-24,11,4.0,Quarantined,BLZ-137,2025-07
SHP-042-2,SITE-042,SITE-042,US->CA,SPLR-A,2025-08-11,2025-08-24,13,6.0,Quarantined,BLZ-137,2025-08
SHP-042-2,SITE-042,SITE-042,US->CA,SPLR-A,2025-08-19,2025-08-27,8,1.0,Quarantined,BLZ-137,2025-08
SHP-042-3,SITE-042,SITE-042,US->CA,SPLR-A,2025-10-02,2025-10-10,8,1.0,Quarantined,BLZ-137,2025-10
SHP-042-3,SITE-042,SITE-042,US->CA,SPLR-A,2025-10-12,2025-10-18,6,-1.0,Quarantined,BLZ-137,2025-10
SHP-042-3,SITE-042,SITE-042,US->CA,SPLR-A,2025-09-26,2025-10-01,5,-2.0,Quarantined,BLZ-137,2025-09
SHP-043-1,SITE-043,SITE-043,DE->IT,SPLR-B,2025-07-16,2025-07-22,6,-1.0,Quarantined,BLZ-137,2025-07
SHP-043-1,SITE-043,SITE-043,DE->IT,SPLR-B,2025-07-12,2025-07-23,11,4.0,Quarantined,BLZ-137,2025-07
SHP-043-1,SITE-043,SITE-043,DE->IT,SPLR-B,2025-07-02,2025-07-15,13,6.0,Quarantined,BLZ-137,2025-07
SHP-043-2,SITE-043,SITE-043,DE->IT,SPLR-B,2025-08-07,2025-08-16,9,2.0,Delivered,BLZ-137,2025-08
SHP-043-2,SITE-043,SITE-043,DE->IT,SPLR-B,2025-08-12,2025-08-25,13,6.0,In Transit,BLZ-137,2025-08
SHP-043-2,SITE-043,SITE-043,DE->IT,SPLR-B,2025-07-20,2025-07-27,7,0.0,Delivered,BLZ-137,2025-07
SHP-043-3,SITE-043,SITE-043,DE->IT,SPLR-B,2025-09-26,2025-10-03,7,0.0,Quarantined,BLZ-137,2025-09
SHP-043-3,SITE-043,SITE-043,DE->IT,SPLR-B,2025-09-22,2025-10-03,11,4.0,Quarantined,BLZ-137,2025-09
SHP-043-3,SITE-043,SITE-043,DE->IT,SPLR-B,2025-09-07,2025-09-18,11,4.0,Quarantined,BLZ-137,2025-09
SHP-044-1,SITE-044,SITE-044,US->CA,SPLR-A,2025-07-13,2025-07-19,6,-1.0,In Transit,BLZ-137,2025-07
SHP-044-1,SITE-044,SITE-044,US->CA,SPLR-A,2025-07-13,2025-07-18,5,-2.0,Delivered,BLZ-137,2025-07
SHP-044-1,SITE-044,SITE-044,US->CA,SPLR-A,2025-07-03,2025-07-09,6,-1.0,Delivered,BLZ-137,2025-07
SHP-044-2,SITE-044,SITE-044,US->CA,SPLR-A,2025-07-17,2025-07-25,8,1.0,Quarantined,BLZ-137,2025-07
SHP-044-2,SITE-044,SITE-044,US->CA,SPLR-A,2025-06-12,2025-06-24,12,5.0,Quarantined,BLZ-137,2025-06
SHP-044-2,SITE-044,SITE-044,US->CA,SPLR-A,2025-08-01,2025-08-11,10,3.0,Quarantined,BLZ-137,2025-08
SHP-044-3,SITE-044,SITE-044,US->CA,SPLR-A,2025-09-23,2025-10-03,10,3.0,Quarantined,BLZ-137,2025-09
SHP-044-3,SITE-044,SITE-044,US->CA,SPLR-A,2025-09-30,2025-10-07,7,0.0,Quarantined,BLZ-137,2025-09
SHP-044-3,SITE-044,SITE-044,US->CA,SPLR-A,2025-09-19,2025-09-25,6,-1.0,Quarantined,BLZ-137,2025-09
SHP-045-1,SITE-045,SITE-045,DE->NL,SPLR-B,2025-07-04,2025-07-10,6,-1.0,Quarantined,BLZ-137,2025-07
SHP-045-1,SITE-045,SITE-045,DE->NL,SPLR-B,2025-07-13,2025-07-21,8,1.0,Quarantined,BLZ-137,2025-07
SHP-045-1,SITE-045,SITE-045,DE->NL,SPLR-B,2025-07-27,2025-08-01,5,-2.0,Quarantined,BLZ-137,2025-07
SHP-045-2,SITE-045,SITE-045,DE->NL,SPLR-B,2025-07-14,2025-07-20,6,-1.0,Quarantined,BLZ-137,2025-07
SHP-045-2,SITE-045,SITE-045,DE->NL,SPLR-B,2025-07-02,2025-07-12,10,3.0,Quarantined,BLZ-137,2025-07
SHP-045-2,SITE-045,SITE-045,DE->NL,SPLR-B,2025-08-01,2025-08-10,9,2.0,Quarantined,BLZ-137,2025-08
SHP-045-3,SITE-045,SITE-045,DE->NL,SPLR-B,2025-10-05,2025-10-12,7,0.0,Quarantined,BLZ-137,2025-10
SHP-045-3,SITE-045,SITE-045,DE->NL,SPLR-B,2025-09-10,2025-09-21,11,4.0,Quarantined,BLZ-137,2025-09
SHP-045-3,SITE-045,SITE-045,DE->NL,SPLR-B,2025-09-08,2025-09-17,9,2.0,Quarantined,BLZ-137,2025-09
SHP-046-1,SITE-046,SITE-046,DE->DE,SPLR-B,2025-07-11,2025-07-22,11,4.0,Quarantined,BLZ-137,2025-07
SHP-046-1,SITE-046,SITE-046,DE->DE,SPLR-B,2025-07-26,2025-07-31,5,-2.0,Quarantined,BLZ-137,2025-07
SHP-046-1,SITE-046,SITE-046,DE->DE,SPLR-B,2025-06-27,2025-07-10,13,6.0,Quarantined,BLZ-137,2025-06
SHP-046-2,SITE-046,SITE-046,DE->DE,SPLR-B,2025-08-06,2025-08-16,10,3.0,Quarantined,BLZ-137,2025-08
SHP-046-2,SITE-046,SITE-046,DE->DE,SPLR-B,2025-07-11,2025-07-21,10,3.0,Quarantined,BLZ-137,2025-07
SHP-046-2,SITE-046,SITE-046,DE->DE,SPLR-B,2025-08-08,2025-08-18,10,3.0,Quarantined,BLZ-137,2025-08
SHP-046-3,SITE-046,SITE-046,DE->DE,SPLR-B,2025-09-18,2025-09-23,5,-2.0,Quarantined,BLZ-137,2025-09
SHP-046-3,SITE-046,SITE-046,DE->DE,SPLR-B,2025-10-08,2025-10-20,12,5.0,Quarantined,BLZ-137,2025-10
SHP-046-3,SITE-046,SITE-046,DE->DE,SPLR-B,2025-09-17,2025-09-23,6,-1.0,Quarantined,BLZ-137,2025-09
SHP-047-1,SITE-047,SITE-047,JP->KR,SPLR-D,2025-07-11,2025-07-18,7,0.0,Quarantined,BLZ-137,2025-07
SHP-047-1,SITE-047,SITE-047,JP->KR,SPLR-D,2025-07-13,2025-07-21,8,1.0,Quarantined,BLZ-137,2025-07
SHP-047-1,SITE-047,SITE-047,JP->KR,SPLR-D,2025-08-02,2025-08-11,9,2.0,Quarantined,BLZ-137,2025-08
SHP-047-2,SITE-047,SITE-047,JP->KR,SPLR-D,2025-07-31,2025-08-08,8,1.0,In Transit,BLZ-137,2025-07
SHP-047-2,SITE-047,SITE-047,JP->KR,SPLR-D,2025-08-07,2025-08-15,8,1.0,Delivered,BLZ-137,2025-08
SHP-047-2,SITE-047,SITE-047,JP->KR,SPLR-D,2025-07-11,2025-07-18,7,0.0,Delivered,BLZ-137,2025-07
SHP-047-3,SITE-047,SITE-047,JP->KR,SPLR-D,2025-09-27,2025-10-02,5,-2.0,Quarantined,BLZ-137,2025-09
SHP-047-3,SITE-047,SITE-047,JP->KR,SPLR-D,2025-09-29,2025-10-12,13,6.0,Quarantined,BLZ-137,2025-09
SHP-047-3,SITE-047,SITE-047,JP->KR,SPLR-D,2025-09-09,2025-09-19,10,3.0,Quarantined,BLZ-137,2025-09
SHP-048-1,SITE-048,SITE-048,US->US,SPLR-A,2025-07-18,2025-07-24,6,-1.0,Quarantined,BLZ-137,2025-07
SHP-048-1,SITE-048,SITE-048,US->US,SPLR-A,2025-07-21,2025-07-31,10,3.0,Quarantined,BLZ-137,2025-07
SHP-048-1,SITE-048,SITE-048,US->US,SPLR-A,2025-07-20,2025-07-27,7,0.0,Quarantined,BLZ-137,2025-07
SHP-048-2,SITE-048,SITE-048,US->US,SPLR-A,2025-08-04,2025-08-17,13,6.0,Quarantined,BLZ-137,2025-08
SHP-048-2,SITE-048,SITE-048,US->US,SPLR-A,2025-07-31,2025-08-09,9,2.0,Quarantined,BLZ-137,2025-07
SHP-048-2,SITE-048,SITE-048,US->US,SPLR-A,2025-07-05,2025-07-15,10,3.0,Quarantined,BLZ-137,2025-07
SHP-048-3,SITE-048,SITE-048,US->US,SPLR-A,2025-09-27,2025-10-07,10,3.0,Quarantined,BLZ-137,2025-09
SHP-048-3,SITE-048,SITE-048,US->US,SPLR-A,2025-09-29,2025-10-11,12,5.0,Quarantined,BLZ-137,2025-09
SHP-048-3,SITE-048,SITE-048,US->US,SPLR-A,2025-09-10,2025-09-15,5,-2.0,Quarantined,BLZ-137,2025-09
SHP-049-1,SITE-049,SITE-049,US->BR,SPLR-A,2025-07-13,2025-07-26,13,6.0,Quarantined,BLZ-137,2025-07
SHP-049-1,SITE-049,SITE-049,US->BR,SPLR-A,2025-07-27,2025-08-03,7,0.0,Quarantined,BLZ-137,2025-07
SHP-049-1,SITE-049,SITE-049,US->BR,SPLR-A,2025-07-07,2025-07-19,12,5.0,Quarantined,BLZ-137,2025-07
SHP-049-2,SITE-049,SITE-049,US->BR,SPLR-A,2025-08-17,2025-08-27,10,3.0,Quarantined,BLZ-137,2025-08
SHP-049-2,SITE-049,SITE-049,US->BR,SPLR-A,2025-07-28,2025-08-06,9,2.0,Quarantined,BLZ-137,2025-07
SHP-049-2,SITE-049,SITE-049,US->BR,SPLR-A,2025-08-04,2025-08-16,12,5.0,Quarantined,BLZ-137,2025-08
SHP-049-3,SITE-049,SITE-049,US->BR,SPLR-A,2025-09-06,2025-09-11,5,-2.0,Quarantined,BLZ-137,2025-09
SHP-049-3,SITE-049,SITE-049,US->BR,SPLR-A,2025-09-27,2025-10-08,11,4.0,Quarantined,BLZ-137,2025-09
SHP-049-3,SITE-049,SITE-049,US->BR,SPLR-A,2025-09-28,2025-10-03,5,-2.0,Quarantined,BLZ-137,2025-09
SHP-050-1,SITE-050,SITE-050,DE->ES,SPLR-B,2025-07-15,2025-07-27,12,5.0,Quarantined,BLZ-137,2025-07
SHP-050-1,SITE-050,SITE-050,DE->ES,SPLR-B,2025-07-22,2025-07-29,7,0.0,Quarantined,BLZ-137,2025-07
SHP-050-1,SITE-050,SITE-050,DE->ES,SPLR-B,2025-07-17,2025-07-24,7,0.0,Quarantined,BLZ-137,2025-07
SHP-050-2,SITE-050,SITE-050,DE->ES,SPLR-B,2025-08-01,2025-08-09,8,1.0,Quarantined,BLZ-137,2025-08
SHP-050-2,SITE-050,SITE-050,DE->ES,SPLR-B,2025-07-25,2025-08-04,10,3.0,Quarantined,BLZ-137,2025-07
SHP-050-2,SITE-050,SITE-050,DE->ES,SPLR-B,2025-08-20,2025-08-25,5,-2.0,Quarantined,BLZ-137,2025-08
SHP-050-3,SITE-050,SITE-050,DE->ES,SPLR-B,2025-10-08,2025-10-15,7,0.0,Quarantined,BLZ-137,2025-10
SHP-050-3,SITE-050,SITE-050,DE->ES,SPLR-B,2025-09-02,2025-09-15,13,6.0,Quarantined,BLZ-137,2025-09
SHP-050-3,SITE-050,SITE-050,DE->ES,SPLR-B,2025-10-07,2025-10-19,12,5.0,Quarantined,BLZ-137,2025-10
SHP-051-1,SITE-051,SITE-051,DE->FR,SPLR-B,2025-08-03,2025-08-11,8,1.0,Quarantined,BLZ-137,2025-08
SHP-051-1,SITE-051,SITE-051,DE->FR,SPLR-B,2025-07-05,2025-07-12,7,0.0,Quarantined,BLZ-137,2025-07
SHP-051-1,SITE-051,SITE-051,DE->FR,SPLR-B,2025-07-04,2025-07-11,7,0.0,Quarantined,BLZ-137,2025-07
SHP-051-2,SITE-051,SITE-051,DE->FR,SPLR-B,2025-07-08,2025-07-16,8,1.0,Quarantined,BLZ-137,2025-07
SHP-051-2,SITE-051,SITE-051,DE->FR,SPLR-B,2025-07-28,2025-08-07,10,3.0,Quarantined,BLZ-137,2025-07
SHP-051-2,SITE-051,SITE-051,DE->FR,SPLR-B,2025-08-13,2025-08-23,10,3.0,Quarantined,BLZ-137,2025-08
SHP-051-3,SITE-051,SITE-051,DE->FR,SPLR-B,2025-09-13,2025-09-24,11,4.0,Quarantined,BLZ-137,2025-09
SHP-051-3,SITE-051,SITE-051,DE->FR,SPLR-B,2025-09-28,2025-10-10,12,5.0,Quarantined,BLZ-137,2025-09
SHP-051-3,SITE-051,SITE-051,DE->FR,SPLR-B,2025-09-21,2025-10-01,10,3.0,Quarantined,BLZ-137,2025-09
SHP-052-1,SITE-052,SITE-052,US->CA,SPLR-A,2025-07-28,2025-08-09,12,5.0,Quarantined,BLZ-137,2025-07
SHP-052-1,SITE-052,SITE-052,US->CA,SPLR-A,2025-07-17,2025-07-28,11,4.0,Quarantined,BLZ-137,2025-07
SHP-052-1,SITE-052,SITE-052,US->CA,SPLR-A,2025-07-21,2025-07-26,5,-2.0,Quarantined,BLZ-137,2025-07
SHP-052-2,SITE-052,SITE-052,US->CA,SPLR-A,2025-08-15,2025-08-20,5,-2.0,Delivered,BLZ-137,2025-08
SHP-052-2,SITE-052,SITE-052,US->CA,SPLR-A,2025-08-02,2025-08-08,6,-1.0,In Transit,BLZ-137,2025-08
SHP-052-2,SITE-052,SITE-052,US->CA,SPLR-A,2025-07-23,2025-08-04,12,5.0,Delivered,BLZ-137,2025-07
SHP-052-3,SITE-052,SITE-052,US->CA,SPLR-A,2025-09-04,2025-09-16,12,5.0,Quarantined,BLZ-137,2025-09
SHP-052-3,SITE-052,SITE-052,US->CA,SPLR-A,2025-10-09,2025-10-14,5,-2.0,Quarantined,BLZ-137,2025-10
SHP-052-3,SITE-052,SITE-052,US->CA,SPLR-A,2025-09-11,2025-09-23,12,5.0,Quarantined,BLZ-137,2025-09
SHP-053-1,SITE-053,SITE-053,DE->NL,SPLR-B,2025-07-14,2025-07-24,10,3.0,Quarantined,BLZ-137,2025-07
SHP-053-1,SITE-053,SITE-053,DE->NL,SPLR-B,2025-08-06,2025-08-14,8,1.0,Quarantined,BLZ-137,2025-08
SHP-053-1,SITE-053,SITE-053,DE->NL,SPLR-B,2025-07-11,2025-07-18,7,0.0,Quarantined,BLZ-137,2025-07
SHP-053-2,SITE-053,SITE-053,DE->NL,SPLR-B,2025-06-29,2025-07-11,12,5.0,Quarantined,BLZ-137,2025-06
SHP-053-2,SITE-053,SITE-053,DE->NL,SPLR-B,2025-06-23,2025-07-01,8,1.0,Quarantined,BLZ-137,2025-06
SHP-053-2,SITE-053,SITE-053,DE->NL,SPLR-B,2025-08-19,2025-08-31,12,5.0,Quarantined,BLZ-137,2025-08
SHP-053-3,SITE-053,SITE-053,DE->NL,SPLR-B,2025-09-30,2025-10-07,7,0.0,Quarantined,BLZ-137,2025-09
SHP-053-3,SITE-053,SITE-053,DE->NL,SPLR-B,2025-09-14,2025-09-23,9,2.0,Quarantined,BLZ-137,2025-09
SHP-053-3,SITE-053,SITE-053,DE->NL,SPLR-B,2025-09-15,2025-09-22,7,0.0,Quarantined,BLZ-137,2025-09
SHP-054-1,SITE-054,SITE-054,US->MX,SPLR-A,2025-07-26,2025-08-06,11,4.0,Quarantined,BLZ-137,2025-07
SHP-054-1,SITE-054,SITE-054,US->MX,SPLR-A,2025-07-22,2025-08-04,13,6.0,Quarantined,BLZ-137,2025-07
SHP-054-1,SITE-054,SITE-054,US->MX,SPLR-A,2025-07-26,2025-08-05,10,3.0,Quarantined,BLZ-137,2025-07
SHP-054-2,SITE-054,SITE-054,US->MX,SPLR-A,2025-08-15,2025-08-20,5,-2.0,Quarantined,BLZ-137,2025-08
SHP-054-2,SITE-054,SITE-054,US->MX,SPLR-A,2025-08-16,2025-08-21,5,-2.0,Quarantined,BLZ-137,2025-08
SHP-054-2,SITE-054,SITE-054,US->MX,SPLR-A,2025-08-07,2025-08-13,6,-1.0,Quarantined,BLZ-137,2025-08
SHP-054-3,SITE-054,SITE-054,US->MX,SPLR-A,2025-10-05,2025-10-12,7,0.0,Quarantined,BLZ-137,2025-10
SHP-054-3,SITE-054,SITE-054,US->MX,SPLR-A,2025-09-20,2025-09-28,8,1.0,Quarantined,BLZ-137,2025-09
SHP-054-3,SITE-054,SITE-054,US->MX,SPLR-A,2025-10-02,2025-10-08,6,-1.0,Quarantined,BLZ-137,2025-10
SHP-055-1,SITE-055,SITE-055,DE->IT,SPLR-B,2025-07-09,2025-07-16,7,0.0,Quarantined,BLZ-137,2025-07
SHP-055-1,SITE-055,SITE-055,DE->IT,SPLR-B,2025-07-25,2025-08-05,11,4.0,Quarantined,BLZ-137,2025-07
SHP-055-1,SITE-055,SITE-055,DE->IT,SPLR-B,2025-07-22,2025-08-02,11,4.0,Quarantined,BLZ-137,2025-07
SHP-055-2,SITE-055,SITE-055,DE->IT,SPLR-B,2025-08-09,2025-08-20,11,4.0,Quarantined,BLZ-137,2025-08
SHP-055-2,SITE-055,SITE-055,DE->IT,SPLR-B,2025-08-13,2025-08-24,11,4.0,Quarantined,BLZ-137,2025-08
SHP-055-2,SITE-055,SITE-055,DE->IT,SPLR-B,2025-07-27,2025-08-03,7,0.0,Quarantined,BLZ-137,2025-07
SHP-055-3,SITE-055,SITE-055,DE->IT,SPLR-B,2025-09-29,2025-10-08,9,2.0,Quarantined,BLZ-137,2025-09
SHP-055-3,SITE-055,SITE-055,DE->IT,SPLR-B,2025-09-16,2025-09-28,12,5.0,Quarantined,BLZ-137,2025-09
SHP-055-3,SITE-055,SITE-055,DE->IT,SPLR-B,2025-10-07,2025-10-13,6,-1.0,Quarantined,BLZ-137,2025-10
SHP-056-1,SITE-056,SITE-056,JP->JP,SPLR-D,2025-07-22,2025-07-28,6,-1.0,Quarantined,BLZ-137,2025-07
SHP-056-1,SITE-056,SITE-056,JP->JP,SPLR-D,2025-08-07,2025-08-18,11,4.0,Quarantined,BLZ-137,2025-08
SHP-056-1,SITE-056,SITE-056,JP->JP,SPLR-D,2025-07-31,2025-08-11,11,4.0,Quarantined,BLZ-137,2025-07
SHP-056-2,SITE-056,SITE-056,JP->JP,SPLR-D,2025-08-17,2025-08-26,9,2.0,Delivered,BLZ-137,2025-08
SHP-056-2,SITE-056,SITE-056,JP->JP,SPLR-D,2025-08-12,2025-08-21,9,2.0,Delivered,BLZ-137,2025-08
SHP-056-2,SITE-056,SITE-056,JP->JP,SPLR-D,2025-08-07,2025-08-16,9,2.0,Delivered,BLZ-137,2025-08
SHP-056-3,SITE-056,SITE-056,JP->JP,SPLR-D,2025-09-26,2025-10-05,9,2.0,Quarantined,BLZ-137,2025-09
SHP-056-3,SITE-056,SITE-056,JP->JP,SPLR-D,2025-10-06,2025-10-12,6,-1.0,Quarantined,BLZ-137,2025-10
SHP-056-3,SITE-056,SITE-056,JP->JP,SPLR-D,2025-10-09,2025-10-15,6,-1.0,Quarantined,BLZ-137,2025-10
SHP-057-1,SITE-057,SITE-057,DE->FR,SPLR-B,2025-07-25,2025-08-02,8,1.0,Quarantined,BLZ-137,2025-07
SHP-057-1,SITE-057,SITE-057,DE->FR,SPLR-B,2025-08-03,2025-08-08,5,-2.0,Quarantined,BLZ-137,2025-08
SHP-057-1,SITE-057,SITE-057,DE->FR,SPLR-B,2025-07-19,2025-07-29,10,3.0,Quarantined,BLZ-137,2025-07
SHP-057-2,SITE-057,SITE-057,DE->FR,SPLR-B,2025-08-11,2025-08-16,5,-2.0,Quarantined,BLZ-137,2025-08
SHP-057-2,SITE-057,SITE-057,DE->FR,SPLR-B,2025-08-02,2025-08-07,5,-2.0,Quarantined,BLZ-137,2025-08
SHP-057-2,SITE-057,SITE-057,DE->FR,SPLR-B,2025-08-03,2025-08-10,7,0.0,Quarantined,BLZ-137,2025-08
SHP-057-3,SITE-057,SITE-057,DE->FR,SPLR-B,2025-10-09,2025-10-19,10,3.0,Quarantined,BLZ-137,2025-10
SHP-057-3,SITE-057,SITE-057,DE->FR,SPLR-B,2025-10-09,2025-10-16,7,0.0,Quarantined,BLZ-137,2025-10
SHP-057-3,SITE-057,SITE-057,DE->FR,SPLR-B,2025-09-28,2025-10-10,12,5.0,Quarantined,BLZ-137,2025-09
SHP-058-1,SITE-058,SITE-058,DE->NL,SPLR-B,2025-07-13,2025-07-23,10,3.0,Quarantined,BLZ-137,2025-07
SHP-058-1,SITE-058,SITE-058,DE->NL,SPLR-B,2025-07-15,2025-07-20,5,-2.0,Quarantined,BLZ-137,2025-07
SHP-058-1,SITE-058,SITE-058,DE->NL,SPLR-B,2025-07-18,2025-07-28,10,3.0,Quarantined,BLZ-137,2025-07
SHP-058-2,SITE-058,SITE-058,DE->NL,SPLR-B,2025-08-07,2025-08-19,12,5.0,Delivered,BLZ-137,2025-08
SHP-058-2,SITE-058,SITE-058,DE->NL,SPLR-B,2025-07-25,2025-08-01,7,0.0,Delivered,BLZ-137,2025-07
SHP-058-2,SITE-058,SITE-058,DE->NL,SPLR-B,2025-08-10,2025-08-15,5,-2.0,In Transit,BLZ-137,2025-08
SHP-058-3,SITE-058,SITE-058,DE->NL,SPLR-B,2025-10-06,2025-10-17,11,4.0,Quarantined,BLZ-137,2025-10
SHP-058-3,SITE-058,SITE-058,DE->NL,SPLR-B,2025-09-28,2025-10-05,7,0.0,Quarantined,BLZ-137,2025-09
SHP-058-3,SITE-058,SITE-058,DE->NL,SPLR-B,2025-09-24,2025-10-07,13,6.0,Quarantined,BLZ-137,2025-09
SHP-059-1,SITE-059,SITE-059,DE->IT,SPLR-B,2025-07-09,2025-07-15,6,-1.0,Quarantined,BLZ-137,2025-07
SHP-059-1,SITE-059,SITE-059,DE->IT,SPLR-B,2025-07-19,2025-08-01,13,6.0,Quarantined,BLZ-137,2025-07
SHP-059-1,SITE-059,SITE-059,DE->IT,SPLR-B,2025-07-24,2025-07-31,7,0.0,Quarantined,BLZ-137,2025-07
SHP-059-2,SITE-059,SITE-059,DE->IT,SPLR-B,2025-08-15,2025-08-26,11,4.0,Quarantined,BLZ-137,2025-08
SHP-059-2,SITE-059,SITE-059,DE->IT,SPLR-B,2025-08-10,2025-08-21,11,4.0,Quarantined,BLZ-137,2025-08
SHP-059-2,SITE-059,SITE-059,DE->IT,SPLR-B,2025-08-12,2025-08-25,13,6.0,Quarantined,BLZ-137,2025-08
SHP-059-3,SITE-059,SITE-059,DE->IT,SPLR-B,2025-10-02,2025-10-07,5,-2.0,Quarantined,BLZ-137,2025-10
SHP-059-3,SITE-059,SITE-059,DE->IT,SPLR-B,2025-10-08,2025-10-21,13,6.0,Quarantined,BLZ-137,2025-10
SHP-059-3,SITE-059,SITE-059,DE->IT,SPLR-B,2025-09-22,2025-09-28,6,-1.0,Quarantined,BLZ-137,2025-09
SHP-060-1,SITE-060,SITE-060,US->US,SPLR-A,2025-07-29,2025-08-03,5,-2.0,Quarantined,BLZ-137,2025-07
SHP-060-1,SITE-060,SITE-060,US->US,SPLR-A,2025-07-18,2025-07-27,9,2.0,Quarantined,BLZ-137,2025-07
SHP-060-1,SITE-060,SITE-060,US->US,SPLR-A,2025-07-21,2025-08-02,12,5.0,Quarantined,BLZ-137,2025-07
SHP-060-2,SITE-060,SITE-060,US->US,SPLR-A,2025-07-21,2025-08-02,12,5.0,Quarantined,BLZ-137,2025-07
SHP-060-2,SITE-060,SITE-060,US->US,SPLR-A,2025-08-10,2025-08-17,7,0.0,Quarantined,BLZ-137,2025-08
SHP-060-2,SITE-060,SITE-060,US->US,SPLR-A,2025-08-17,2025-08-25,8,1.0,Quarantined,BLZ-137,2025-08
SHP-060-3,SITE-060,SITE-060,US->US,SPLR-A,2025-09-21,2025-09-26,5,-2.0,Quarantined,BLZ-137,2025-09
SHP-060-3,SITE-060,SITE-060,US->US,SPLR-A,2025-10-02,2025-10-13,11,4.0,Quarantined,BLZ-137,2025-10
SHP-060-3,SITE-060,SITE-060,US->US,SPLR-A,2025-09-15,2025-09-28,13,6.0,Quarantined,BLZ-137,2025-09
