depot_id,lot_id,storage_bin,qty_on_hand,cycle_count_dt
DEPOT-BLR,LOT-003-A,BIN-0511,95,2025-07-14
DEPOT-BLR,LOT-003-B,BIN-1328,19,2025-07-12
DEPOT-BLR,LOT-003-B,BIN-1460,5,2025-08-01
DEPOT-BLR,LOT-003-C,BIN-1412,4,2025-07-27
DEPOT-BLR,LOT-003-C,BIN-0570,19,2025-07-21
DEPOT-BLR,LOT-003-C,BIN-1183,8,2025-07-19
DEPOT-BLR,LOT-009-A,BIN-0977,3,2025-07-03
DEPOT-BLR,LOT-009-A,BIN-0088,5,2025-07-22
DEPOT-BLR,LOT-009-A,BIN-0156,11,2025-07-24
DEPOT-BLR,LOT-009-A,BIN-0322,5,2025-07-06
DEPOT-BLR,LOT-009-A,BIN-0065,6,2025-07-10
DEPOT-BLR,LOT-009-B,BIN-1286,2,2025-07-20
DEPOT-BLR,LOT-009-B,BIN-0049,5,2025-07-06
DEPOT-BLR,LOT-009-B,BIN-1212,1,2025-07-21
DEPOT-BLR,LOT-009-C,BIN-0696,15,2025-07-17
DEPOT-BLR,LOT-009-C,BIN-0619,18,2025-07-18
DEPOT-BLR,LOT-013-A,BIN-1724,6,2025-07-24
DEPOT-BLR,LOT-013-A,BIN-0843,11,2025-07-12
DEPOT-BLR,LOT-013-A,BIN-1113,2,2025-07-20
DEPOT-BLR,LOT-013-A,BIN-0939,1,2025-07-31
DEPOT-BLR,LOT-013-B,BIN-1029,9,2025-07-20
DEPOT-BLR,LOT-013-B,BIN-0083,5,2025-07-15
DEPOT-BLR,LOT-013-B,BIN-1217,4,2025-07-13
DEPOT-BLR,LOT-013-B,BIN-1526,4,2025-07-23
DEPOT-BLR,LOT-013-C,BIN-1511,27,2025-07-18
DEPOT-BLR,LOT-013-C,BIN-0666,38,2025-07-13
DEPOT-BLR,LOT-031-A,BIN-1324,14,2025-07-22
DEPOT-BLR,LOT-031-A,BIN-0141,26,2025-07-19
DEPOT-BLR,LOT-031-A,BIN-0959,10,2025-07-21
DEPOT-BLR,LOT-031-A,BIN-1261,17,2025-07-24
DEPOT-BLR,LOT-031-B,BIN-1316,4,2025-07-18
DEPOT-BLR,LOT-031-C,BIN-0369,2,2025-07-22
DEPOT-BLR,LOT-031-C,BIN-0250,9,2025-07-18
DEPOT-BLR,LOT-031-C,BIN-1384,17,2025-07-29
DEPOT-BLR,LOT-037-A,BIN-1079,159,2025-07-22
DEPOT-BLR,LOT-037-B,BIN-0656,5,2025-07-09
DEPOT-BLR,LOT-037-B,BIN-0708,6,2025-07-24
DEPOT-BLR,LOT-037-B,BIN-1572,1,2025-07-21
DEPOT-BLR,LOT-037-B,BIN-0727,8,2025-07-06
DEPOT-BLR,LOT-037-C,BIN-1119,4,2025-07-12
DEPOT-BLR,LOT-037-C,BIN-1898,8,2025-07-30
DEPOT-HH,LOT-001-A,BIN-1819,5,2025-07-03
DEPOT-HH,LOT-001-A,BIN-1755,13,2025-07-10
DEPOT-HH,LOT-001-A,BIN-1607,19,2025-07-29
DEPOT-HH,LOT-001-B,BIN-1965,1,2025-07-24
DEPOT-HH,LOT-001-B,BIN-0663,7,2025-07-16
DEPOT-HH,LOT-001-B,BIN-1216,3,2025-07-06
DEPOT-HH,LOT-001-B,BIN-0657,1,2025-07-20
DEPOT-HH,LOT-001-C,BIN-1044,12,2025-07-04
DEPOT-HH,LOT-001-C,BIN-1054,10,2025-07-29
DEPOT-HH,LOT-001-C,BIN-0240,19,2025-07-06
DEPOT-HH,LOT-002-A,BIN-1386,11,2025-07-25
DEPOT-HH,LOT-002-A,BIN-0394,14,2025-07-23
DEPOT-HH,LOT-002-A,BIN-0905,7,2025-07-20
DEPOT-HH,LOT-002-A,BIN-0044,7,2025-08-01
DEPOT-HH,LOT-002-A,BIN-0844,2,2025-07-19
DEPOT-HH,LOT-002-B,BIN-1909,7,2025-07-31
DEPOT-HH,LOT-002-B,BIN-1433,2,2025-07-16
DEPOT-HH,LOT-002-B,BIN-0063,3,2025-07-18
DEPOT-HH,LOT-002-C,BIN-1967,83,2025-07-26
DEPOT-HH,LOT-004-A,BIN-0693,19,2025-07-20
DEPOT-HH,LOT-004-A,BIN-1145,32,2025-07-09
DEPOT-HH,LOT-004-A,BIN-1044,31,2025-07-18
DEPOT-HH,LOT-004-B,BIN-1552,3,2025-07-18
DEPOT-HH,LOT-004-B,BIN-1928,10,2025-07-25
DEPOT-HH,LOT-004-B,BIN-0504,3,2025-07-09
DEPOT-HH,LOT-004-B,BIN-1836,6,2025-07-29
DEPOT-HH,LOT-004-B,BIN-0303,7,2025-07-24
DEPOT-HH,LOT-004-B,BIN-0545,3,2025-07-15
DEPOT-HH,LOT-004-C,BIN-0465,13,2025-07-07
DEPOT-HH,LOT-004-C,BIN-1196,6,2025-07-21
DEPOT-HH,LOT-004-C,BIN-0155,3,2025-07-26
DEPOT-HH,LOT-006-A,BIN-0687,32,2025-07-28
DEPOT-HH,LOT-006-B,BIN-1200,1,2025-07-05
DEPOT-HH,LOT-006-B,BIN-0511,7,2025-07-03
DEPOT-HH,LOT-006-B,BIN-1239,2,2025-07-26
DEPOT-HH,LOT-006-B,BIN-1338,4,2025-07-25
DEPOT-HH,LOT-006-C,BIN-1404,33,2025-07-26
DEPOT-HH,LOT-006-C,BIN-1014,14,2025-07-15
DEPOT-HH,LOT-012-A,BIN-1516,42,2025-07-06
DEPOT-HH,LOT-012-A,BIN-1516,4,2025-07-10
DEPOT-HH,LOT-012-B,BIN-1926,12,2025-07-23
DEPOT-HH,LOT-012-C,BIN-0867,9,2025-07-07
DEPOT-HH,LOT-012-C,BIN-0855,14,2025-07-21
DEPOT-HH,LOT-014-A,BIN-1222,3,2025-07-24
DEPOT-HH,LOT-014-A,BIN-1143,5,2025-07-17
DEPOT-HH,LOT-014-A,BIN-1238,14,2025-07-15
DEPOT-HH,LOT-014-B,BIN-0400,5,2025-07-24
DEPOT-HH,LOT-014-B,BIN-1842,4,2025-07-18
DEPOT-HH,LOT-014-B,BIN-0308,8,2025-07-30
DEPOT-HH,LOT-014-B,BIN-0890,10,2025-07-27
DEPOT-HH,LOT-014-C,BIN-0808,18,2025-07-11
DEPOT-HH,LOT-014-C,BIN-1490,8,2025-07-18
DEPOT-HH,LOT-014-C,BIN-1930,9,2025-07-24
DEPOT-HH,LOT-014-C,BIN-1024,2,2025-07-28
DEPOT-HH,LOT-016-A,BIN-1220,20,2025-07-31
DEPOT-HH,LOT-016-A,BIN-1053,5,2025-07-21
DEPOT-HH,LOT-016-A,BIN-1453,14,2025-07-21
DEPOT-HH,LOT-016-A,BIN-0423,3,2025-07-13
DEPOT-HH,LOT-016-B,BIN-1813,3,2025-07-21
DEPOT-HH,LOT-016-B,BIN-1189,4,2025-07-11
DEPOT-HH,LOT-016-B,BIN-1855,2,2025-07-23
DEPOT-HH,LOT-016-B,BIN-1904,2,2025-07-24
DEPOT-HH,LOT-016-C,BIN-0046,22,2025-07-07
DEPOT-HH,LOT-017-A,BIN-0001,11,2025-07-11
DEPOT-HH,LOT-017-A,BIN-1676,22,2025-07-30
DEPOT-HH,LOT-017-A,BIN-0828,1,2025-07-29
DEPOT-HH,LOT-017-A,BIN-0848,23,2025-08-01
DEPOT-HH,LOT-017-B,BIN-1364,1,2025-07-21
DEPOT-HH,LOT-017-B,BIN-1702,3,2025-07-25
DEPOT-HH,LOT-017-B,BIN-1377,1,2025-07-21
DEPOT-HH,LOT-017-C,BIN-0400,6,2025-07-20
DEPOT-HH,LOT-017-C,BIN-0072,9,2025-07-12
DEPOT-HH,LOT-017-C,BIN-0595,4,2025-07-27
DEPOT-HH,LOT-017-C,BIN-0622,1,2025-07-03
DEPOT-HH,LOT-017-C,BIN-1245,6,2025-07-09
DEPOT-HH,LOT-017-C,BIN-0728,4,2025-07-25
DEPOT-HH,LOT-020-A,BIN-0663,114,2025-07-15
DEPOT-HH,LOT-020-B,BIN-1076,4,2025-07-28
DEPOT-HH,LOT-020-B,BIN-1635,6,2025-07-31
DEPOT-HH,LOT-020-B,BIN-1937,15,2025-07-03
DEPOT-HH,LOT-020-B,BIN-0727,6,2025-07-22
DEPOT-HH,LOT-020-C,BIN-0596,3,2025-07-12
DEPOT-HH,LOT-020-C,BIN-0227,13,2025-07-07
DEPOT-HH,LOT-020-C,BIN-0101,3,2025-07-31
DEPOT-HH,LOT-020-C,BIN-1712,4,2025-07-08
DEPOT-HH,LOT-023-A,BIN-0446,51,2025-07-30
DEPOT-HH,LOT-023-A,BIN-1070,7,2025-07-12
DEPOT-HH,LOT-023-B,BIN-0136,12,2025-07-11
DEPOT-HH,LOT-023-C,BIN-1903,7,2025-07-05
DEPOT-HH,LOT-023-C,BIN-1123,23,2025-07-09
DEPOT-HH,LOT-023-C,BIN-1920,9,2025-07-28
DEPOT-HH,LOT-024-A,BIN-1956,1,2025-07-24
DEPOT-HH,LOT-024-A,BIN-0357,10,2025-07-10
DEPOT-HH,LOT-024-A,BIN-1027,9,2025-07-22
DEPOT-HH,LOT-024-A,BIN-1964,3,2025-07-23
DEPOT-HH,LOT-024-A,BIN-1322,7,2025-07-27
DEPOT-HH,LOT-024-B,BIN-0848,5,2025-07-26
DEPOT-HH,LOT-024-B,BIN-1379,12,2025-07-28
DEPOT-HH,LOT-024-B,BIN-0995,1,2025-07-06
DEPOT-HH,LOT-024-C,BIN-1758,2,2025-07-05
DEPOT-HH,LOT-024-C,BIN-1428,7,2025-07-22
DEPOT-HH,LOT-024-C,BIN-0724,4,2025-07-25
DEPOT-HH,LOT-024-C,BIN-1192,2,2025-07-25
DEPOT-HH,LOT-024-C,BIN-0531,2,2025-07-31
DEPOT-HH,LOT-024-C,BIN-1569,16,2025-07-14
DEPOT-HH,LOT-025-A,BIN-1119,3,2025-07-05
DEPOT-HH,LOT-025-A,BIN-1531,11,2025-07-06
DEPOT-HH,LOT-025-B,BIN-1095,10,2025-07-25
DEPOT-HH,LOT-025-B,BIN-1724,6,2025-07-24
DEPOT-HH,LOT-025-B,BIN-1879,4,2025-07-06
DEPOT-HH,LOT-025-B,BIN-1783,3,2025-07-11
DEPOT-HH,LOT-025-C,BIN-0343,26,2025-07-21
DEPOT-HH,LOT-025-C,BIN-0863,37,2025-07-10
DEPOT-HH,LOT-025-C,BIN-0386,19,2025-07-23
DEPOT-HH,LOT-026-A,BIN-1229,68,2025-07-03
DEPOT-HH,LOT-026-B,BIN-1173,5,2025-07-21
DEPOT-HH,LOT-026-B,BIN-0404,7,2025-07-15
DEPOT-HH,LOT-026-B,BIN-1363,5,2025-07-29
DEPOT-HH,LOT-026-B,BIN-1782,4,2025-07-30
DEPOT-HH,LOT-026-B,BIN-0185,3,2025-07-12
DEPOT-HH,LOT-026-C,BIN-0969,3,2025-07-28
DEPOT-HH,LOT-026-C,BIN-0730,4,2025-07-03
DEPOT-HH,LOT-026-C,BIN-0017,5,2025-08-01
DEPOT-HH,LOT-026-C,BIN-1212,7,2025-07-30
DEPOT-HH,LOT-026-C,BIN-1247,12,2025-07-29
DEPOT-HH,LOT-027-A,BIN-0953,7,2025-07-09
DEPOT-HH,LOT-027-A,BIN-0114,7,2025-07-03
DEPOT-HH,LOT-027-A,BIN-0409,5,2025-07-15
DEPOT-HH,LOT-027-A,BIN-1812,19,2025-07-28
DEPOT-HH,LOT-027-B,BIN-0427,8,2025-07-10
DEPOT-HH,LOT-027-B,BIN-0006,9,2025-07-18
DEPOT-HH,LOT-027-B,BIN-0712,6,2025-07-03
DEPOT-HH,LOT-027-B,BIN-1469,2,2025-07-21
DEPOT-HH,LOT-027-C,BIN-1391,18,2025-07-30
DEPOT-HH,LOT-027-C,BIN-1134,9,2025-07-29
DEPOT-HH,LOT-027-C,BIN-1559,4,2025-07-17
DEPOT-HH,LOT-030-A,BIN-1802,53,2025-07-30
DEPOT-HH,LOT-030-B,BIN-1203,2,2025-07-18
DEPOT-HH,LOT-030-B,BIN-0350,8,2025-07-22
DEPOT-HH,LOT-030-B,BIN-1975,9,2025-07-10
DEPOT-HH,LOT-030-B,BIN-1402,1,2025-07-21
DEPOT-HH,LOT-030-B,BIN-1106,4,2025-07-03
DEPOT-HH,LOT-030-C,BIN-1416,17,2025-07-15
DEPOT-HH,LOT-030-C,BIN-0470,16,2025-07-08
DEPOT-HH,LOT-030-C,BIN-1394,2,2025-07-20
DEPOT-HH,LOT-030-C,BIN-1451,12,2025-07-09
DEPOT-HH,LOT-030-C,BIN-0634,4,2025-07-03
DEPOT-HH,LOT-030-C,BIN-1441,4,2025-07-11
DEPOT-HH,LOT-032-A,BIN-0351,22,2025-07-17
DEPOT-HH,LOT-032-B,BIN-0933,11,2025-07-09
DEPOT-HH,LOT-032-B,BIN-1681,3,2025-07-06
DEPOT-HH,LOT-032-C,BIN-1729,17,2025-07-12
DEPOT-HH,LOT-032-C,BIN-0719,34,2025-07-24
DEPOT-HH,LOT-032-C,BIN-1338,8,2025-07-28
DEPOT-HH,LOT-034-A,BIN-1234,105,2025-07-29
DEPOT-HH,LOT-034-B,BIN-0700,11,2025-07-24
DEPOT-HH,LOT-034-B,BIN-0504,6,2025-07-16
DEPOT-HH,LOT-034-B,BIN-0105,6,2025-07-08
DEPOT-HH,LOT-034-C,BIN-0677,3,2025-07-07
DEPOT-HH,LOT-034-C,BIN-1044,12,2025-07-07
DEPOT-HH,LOT-034-C,BIN-0139,13,2025-07-03
DEPOT-HH,LOT-034-C,BIN-1775,7,2025-07-21
DEPOT-HH,LOT-034-C,BIN-1013,8,2025-07-28
DEPOT-HH,LOT-035-A,BIN-0895,18,2025-07-16
DEPOT-HH,LOT-035-A,BIN-0853,15,2025-07-20
DEPOT-HH,LOT-035-A,BIN-1469,5,2025-07-10
DEPOT-HH,LOT-035-A,BIN-0657,15,2025-08-01
DEPOT-HH,LOT-035-A,BIN-1720,5,2025-07-29
DEPOT-HH,LOT-035-B,BIN-1026,4,2025-07-24
DEPOT-HH,LOT-035-B,BIN-0851,5,2025-07-25
DEPOT-HH,LOT-035-B,BIN-0940,1,2025-07-28
DEPOT-HH,LOT-035-B,BIN-0339,5,2025-07-28
DEPOT-HH,LOT-035-C,BIN-0947,9,2025-07-23
DEPOT-HH,LOT-036-A,BIN-1671,13,2025-07-06
DEPOT-HH,LOT-036-A,BIN-1034,11,2025-07-24
DEPOT-HH,LOT-036-A,BIN-1594,9,2025-07-04
DEPOT-HH,LOT-036-A,BIN-0915,10,2025-07-27
DEPOT-HH,LOT-036-A,BIN-0718,6,2025-07-09
DEPOT-HH,LOT-036-A,BIN-1602,8,2025-07-03
DEPOT-HH,LOT-036-B,BIN-1260,5,2025-07-11
DEPOT-HH,LOT-036-B,BIN-1453,2,2025-07-17
DEPOT-HH,LOT-036-B,BIN-1510,3,2025-07-20
DEPOT-HH,LOT-036-B,BIN-0726,12,2025-07-31
DEPOT-HH,LOT-036-B,BIN-0885,4,2025-07-08
DEPOT-HH,LOT-036-C,BIN-0165,34,2025-07-20
DEPOT-HH,LOT-040-A,BIN-0404,44,2025-07-16
DEPOT-HH,LOT-040-A,BIN-0580,29,2025-07-29
DEPOT-HH,LOT-040-B,BIN-1105,5,2025-07-08
DEPOT-HH,LOT-040-B,BIN-0388,5,2025-07-05
DEPOT-HH,LOT-040-B,BIN-1585,4,2025-07-09
DEPOT-HH,LOT-040-B,BIN-1446,2,2025-07-05
DEPOT-HH,LOT-040-C,BIN-1418,6,2025-07-16
DEPOT-HH,LOT-040-C,BIN-1304,20,2025-07-25
DEPOT-HH,LOT-040-C,BIN-0594,1,2025-07-18
DEPOT-HH,LOT-040-C,BIN-0397,16,2025-07-21
DEPOT-HH,LOT-043-A,BIN-0594,18,2025-07-07
DEPOT-HH,LOT-043-A,BIN-1422,2,2025-07-29
DEPOT-HH,LOT-043-A,BIN-1177,16,2025-07-18
DEPOT-HH,LOT-043-A,BIN-0672,1,2025-07-17
DEPOT-HH,LOT-043-B,BIN-0577,14,2025-07-08
DEPOT-HH,LOT-043-B,BIN-1276,1,2025-08-01
DEPOT-HH,LOT-043-C,BIN-1051,1,2025-07-28
DEPOT-HH,LOT-043-C,BIN-0799,28,2025-07-07
DEPOT-HH,LOT-043-C,BIN-0791,11,2025-07-08
DEPOT-HH,LOT-045-A,BIN-0015,22,2025-07-25
DEPOT-HH,LOT-045-B,BIN-0059,4,2025-07-15
DEPOT-HH,LOT-045-B,BIN-0847,6,2025-07-03
DEPOT-HH,LOT-045-B,BIN-1848,5,2025-07-26
DEPOT-HH,LOT-045-B,BIN-1964,3,2025-07-14
DEPOT-HH,LOT-045-B,BIN-0655,1,2025-07-30
DEPOT-HH,LOT-045-C,BIN-0364,17,2025-07-09
DEPOT-HH,LOT-045-C,BIN-0257,23,2025-07-30
DEPOT-HH,LOT-045-C,BIN-1259,9,2025-07-12
DEPOT-HH,LOT-045-C,BIN-1702,7,2025-07-27
DEPOT-HH,LOT-045-C,BIN-1310,13,2025-07-27
DEPOT-HH,LOT-046-A,BIN-1102,52,2025-07-18
DEPOT-HH,LOT-046-A,BIN-0997,27,2025-07-05
DEPOT-HH,LOT-046-B,BIN-0424,7,2025-07-29
DEPOT-HH,LOT-046-B,BIN-0856,5,2025-07-22
DEPOT-HH,LOT-046-B,BIN-1945,4,2025-07-05
DEPOT-HH,LOT-046-B,BIN-0911,3,2025-07-24
DEPOT-HH,LOT-046-B,BIN-1843,4,2025-07-31
DEPOT-HH,LOT-046-B,BIN-1347,6,2025-07-19
DEPOT-HH,LOT-046-C,BIN-0512,9,2025-07-28
DEPOT-HH,LOT-046-C,BIN-0203,1,2025-07-04
DEPOT-HH,LOT-046-C,BIN-0951,1,2025-07-16
DEPOT-HH,LOT-046-C,BIN-1097,2,2025-07-06
DEPOT-HH,LOT-046-C,BIN-0873,8,2025-07-29
DEPOT-HH,LOT-046-C,BIN-1417,2,2025-07-06
DEPOT-HH,LOT-050-A,BIN-0342,43,2025-07-27
DEPOT-HH,LOT-050-A,BIN-1870,13,2025-07-04
DEPOT-HH,LOT-050-B,BIN-0751,10,2025-07-21
DEPOT-HH,LOT-050-B,BIN-0435,5,2025-07-06
DEPOT-HH,LOT-050-B,BIN-0136,2,2025-07-22
DEPOT-HH,LOT-050-B,BIN-0288,2,2025-07-19
DEPOT-HH,LOT-050-C,BIN-1582,30,2025-07-07
DEPOT-HH,LOT-051-A,BIN-0996,16,2025-07-26
DEPOT-HH,LOT-051-A,BIN-1824,15,2025-08-01
DEPOT-HH,LOT-051-A,BIN-0775,10,2025-07-30
DEPOT-HH,LOT-051-A,BIN-0075,1,2025-07-22
DEPOT-HH,LOT-051-A,BIN-0674,6,2025-07-06
DEPOT-HH,LOT-051-A,BIN-0614,7,2025-07-25
DEPOT-HH,LOT-051-B,BIN-0289,9,2025-07-25
DEPOT-HH,LOT-051-B,BIN-0608,11,2025-07-14
DEPOT-HH,LOT-051-C,BIN-1005,30,2025-07-19
DEPOT-HH,LOT-051-C,BIN-1341,21,2025-07-16
DEPOT-HH,LOT-053-A,BIN-0774,2,2025-07-24
DEPOT-HH,LOT-053-A,BIN-0578,11,2025-07-22
DEPOT-HH,LOT-053-A,BIN-1548,20,2025-07-22
DEPOT-HH,LOT-053-A,BIN-0928,1,2025-07-11
DEPOT-HH,LOT-053-A,BIN-0985,12,2025-07-08
DEPOT-HH,LOT-053-A,BIN-0800,6,2025-07-31
DEPOT-HH,LOT-053-B,BIN-0902,3,2025-07-19
DEPOT-HH,LOT-053-B,BIN-1789,1,2025-07-07
DEPOT-HH,LOT-053-B,BIN-0294,2,2025-07-06
DEPOT-HH,LOT-053-B,BIN-0718,3,2025-07-20
DEPOT-HH,LOT-053-B,BIN-1173,1,2025-07-12
DEPOT-HH,LOT-053-B,BIN-1856,3,2025-07-26
DEPOT-HH,LOT-053-C,BIN-0358,8,2025-07-16
DEPOT-HH,LOT-053-C,BIN-1643,9,2025-07-28
DEPOT-HH,LOT-053-C,BIN-1835,5,2025-07-19
DEPOT-HH,LOT-053-C,BIN-1765,3,2025-07-27
DEPOT-HH,LOT-055-A,BIN-0488,55,2025-07-30
DEPOT-HH,LOT-055-B,BIN-0866,25,2025-07-19
DEPOT-HH,LOT-055-C,BIN-1910,29,2025-07-28
DEPOT-HH,LOT-057-A,BIN-1376,12,2025-07-30
DEPOT-HH,LOT-057-A,BIN-1607,2,2025-07-11
DEPOT-HH,LOT-057-A,BIN-1666,13,2025-07-07
DEPOT-HH,LOT-057-A,BIN-1618,12,2025-08-01
DEPOT-HH,LOT-057-A,BIN-1281,4,2025-07-11
DEPOT-HH,LOT-057-A,BIN-0063,10,2025-07-10
DEPOT-HH,LOT-057-B,BIN-0759,11,2025-07-05
DEPOT-HH,LOT-057-B,BIN-1979,11,2025-07-13
DEPOT-HH,LOT-057-B,BIN-0697,10,2025-07-04
DEPOT-HH,LOT-057-B,BIN-0444,6,2025-07-10
DEPOT-HH,LOT-057-B,BIN-0680,3,2025-07-12
DEPOT-HH,LOT-057-B,BIN-1456,2,2025-07-31
DEPOT-HH,LOT-057-C,BIN-0628,8,2025-07-10
DEPOT-HH,LOT-057-C,BIN-1645,1,2025-07-09
DEPOT-HH,LOT-057-C,BIN-1394,4,2025-07-10
DEPOT-HH,LOT-057-C,BIN-0913,2,2025-07-20
DEPOT-HH,LOT-057-C,BIN-1382,16,2025-07-13
DEPOT-HH,LOT-057-C,BIN-1834,16,2025-07-14
DEPOT-HH,LOT-058-A,BIN-1491,11,2025-08-01
DEPOT-HH,LOT-058-A,BIN-1967,19,2025-07-04
DEPOT-HH,LOT-058-B,BIN-1268,32,2025-07-06
DEPOT-HH,LOT-058-C,BIN-0549,55,2025-07-16
DEPOT-HH,LOT-058-C,BIN-0326,13,2025-07-24
DEPOT-HH,LOT-059-A,BIN-1854,54,2025-07-24
DEPOT-HH,LOT-059-A,BIN-0156,44,2025-08-01
DEPOT-HH,LOT-059-B,BIN-0668,35,2025-07-19
DEPOT-HH,LOT-059-C,BIN-1814,14,2025-07-18
DEPOT-HH,LOT-059-C,BIN-0366,5,2025-07-14
DEPOT-HH,LOT-059-C,BIN-0356,16,2025-07-13
DEPOT-HH,LOT-059-C,BIN-1728,12,2025-07-31
DEPOT-NJ,LOT-005-A,BIN-0772,14,2025-07-05
DEPOT-NJ,LOT-005-A,BIN-0146,1,2025-07-09
DEPOT-NJ,LOT-005-A,BIN-1904,16,2025-07-06
DEPOT-NJ,LOT-005-A,BIN-0819,11,2025-07-27
DEPOT-NJ,LOT-005-B,BIN-0518,45,2025-07-28
DEPOT-NJ,LOT-005-C,BIN-0333,3,2025-07-13
DEPOT-NJ,LOT-005-C,BIN-0295,17,2025-07-26
DEPOT-NJ,LOT-005-C,BIN-1677,11,2025-07-28
DEPOT-NJ,LOT-007-A,BIN-0856,43,2025-07-17
DEPOT-NJ,LOT-007-A,BIN-0352,22,2025-07-17
DEPOT-NJ,LOT-007-A,BIN-0012,6,2025-07-17
DEPOT-NJ,LOT-007-B,BIN-1401,3,2025-07-10
DEPOT-NJ,LOT-007-B,BIN-1226,4,2025-07-28
DEPOT-NJ,LOT-007-B,BIN-0371,2,2025-07-31
DEPOT-NJ,LOT-007-B,BIN-0838,1,2025-07-06
DEPOT-NJ,LOT-007-B,BIN-0709,4,2025-07-18
DEPOT-NJ,LOT-007-B,BIN-0068,2,2025-07-13
DEPOT-NJ,LOT-007-C,BIN-1381,41,2025-07-03
DEPOT-NJ,LOT-007-C,BIN-1030,26,2025-07-22
DEPOT-NJ,LOT-008-A,BIN-0646,26,2025-07-29
DEPOT-NJ,LOT-008-A,BIN-0570,34,2025-07-05
DEPOT-NJ,LOT-008-A,BIN-0992,12,2025-07-31
DEPOT-NJ,LOT-008-A,BIN-0764,11,2025-07-22
DEPOT-NJ,LOT-008-B,BIN-1549,7,2025-07-31
DEPOT-NJ,LOT-008-B,BIN-1294,1,2025-07-27
DEPOT-NJ,LOT-008-B,BIN-1233,4,2025-07-05
DEPOT-NJ,LOT-008-B,BIN-0783,5,2025-07-15
DEPOT-NJ,LOT-008-B,BIN-0720,4,2025-07-07
DEPOT-NJ,LOT-008-C,BIN-0570,8,2025-07-18
DEPOT-NJ,LOT-008-C,BIN-0921,4,2025-07-22
DEPOT-NJ,LOT-008-C,BIN-1201,6,2025-07-15
DEPOT-NJ,LOT-011-A,BIN-0944,20,2025-07-18
DEPOT-NJ,LOT-011-A,BIN-1352,5,2025-07-26
DEPOT-NJ,LOT-011-A,BIN-1143,9,2025-07-17
DEPOT-NJ,LOT-011-A,BIN-0930,9,2025-07-22
DEPOT-NJ,LOT-011-A,BIN-1294,10,2025-07-04
DEPOT-NJ,LOT-011-A,BIN-0366,11,2025-07-28
DEPOT-NJ,LOT-011-B,BIN-0805,2,2025-07-18
DEPOT-NJ,LOT-011-B,BIN-0289,7,2025-07-26
DEPOT-NJ,LOT-011-B,BIN-0453,4,2025-07-22
DEPOT-NJ,LOT-011-B,BIN-0941,2,2025-07-31
DEPOT-NJ,LOT-011-B,BIN-0083,5,2025-07-08
DEPOT-NJ,LOT-011-B,BIN-1762,3,2025-07-04
DEPOT-NJ,LOT-011-C,BIN-0765,15,2025-07-25
DEPOT-NJ,LOT-011-C,BIN-1870,19,2025-07-05
DEPOT-NJ,LOT-015-A,BIN-0084,25,2025-07-30
DEPOT-NJ,LOT-015-A,BIN-1568,1,2025-07-24
DEPOT-NJ,LOT-015-A,BIN-0866,19,2025-07-03
DEPOT-NJ,LOT-015-A,BIN-1103,2,2025-07-12
DEPOT-NJ,LOT-015-B,BIN-0190,8,2025-07-22
DEPOT-NJ,LOT-015-B,BIN-1261,9,2025-07-15
DEPOT-NJ,LOT-015-B,BIN-1597,6,2025-07-13
DEPOT-NJ,LOT-015-B,BIN-0305,7,2025-07-08
DEPOT-NJ,LOT-015-C,BIN-0239,19,2025-07-24
DEPOT-NJ,LOT-015-C,BIN-0061,13,2025-07-28
DEPOT-NJ,LOT-019-A,BIN-1073,23,2025-07-30
DEPOT-NJ,LOT-019-A,BIN-0882,7,2025-07-18
DEPOT-NJ,LOT-019-A,BIN-0803,3,2025-07-07
DEPOT-NJ,LOT-019-B,BIN-0790,5,2025-07-26
DEPOT-NJ,LOT-019-B,BIN-1437,9,2025-07-10
DEPOT-NJ,LOT-019-B,BIN-1715,11,2025-07-29
DEPOT-NJ,LOT-019-C,BIN-0192,1,2025-07-25
DEPOT-NJ,LOT-019-C,BIN-0310,1,2025-07-22
DEPOT-NJ,LOT-019-C,BIN-0796,15,2025-07-06
DEPOT-NJ,LOT-019-C,BIN-1969,8,2025-07-30
DEPOT-NJ,LOT-021-A,BIN-1865,11,2025-07-08
DEPOT-NJ,LOT-021-A,BIN-0824,44,2025-07-14
DEPOT-NJ,LOT-021-B,BIN-1467,7,2025-07-12
DEPOT-NJ,LOT-021-B,BIN-0279,7,2025-07-20
DEPOT-NJ,LOT-021-B,BIN-1802,4,2025-07-30
DEPOT-NJ,LOT-021-B,BIN-1555,2,2025-07-27
DEPOT-NJ,LOT-021-B,BIN-1764,1,2025-07-21
DEPOT-NJ,LOT-021-B,BIN-1173,5,2025-07-31
DEPOT-NJ,LOT-021-C,BIN-1291,12,2025-07-25
DEPOT-NJ,LOT-021-C,BIN-0103,12,2025-07-09
DEPOT-NJ,LOT-021-C,BIN-0197,2,2025-07-29
DEPOT-NJ,LOT-022-A,BIN-0065,17,2025-07-20
DEPOT-NJ,LOT-022-A,BIN-0531,6,2025-07-26
DEPOT-NJ,LOT-022-A,BIN-0353,9,2025-07-18
DEPOT-NJ,LOT-022-A,BIN-0162,8,2025-07-10
DEPOT-NJ,LOT-022-A,BIN-1103,12,2025-07-14
DEPOT-NJ,LOT-022-A,BIN-0917,14,2025-07-20
DEPOT-NJ,LOT-022-B,BIN-1896,14,2025-07-22
DEPOT-NJ,LOT-022-B,BIN-0667,1,2025-07-21
DEPOT-NJ,LOT-022-C,BIN-0920,18,2025-07-22
DEPOT-NJ,LOT-022-C,BIN-1470,11,2025-07-18
DEPOT-NJ,LOT-022-C,BIN-0256,15,2025-07-29
DEPOT-NJ,LOT-022-C,BIN-1652,15,2025-07-09
DEPOT-NJ,LOT-022-C,BIN-0923,5,2025-07-16
DEPOT-NJ,LOT-038-A,BIN-0725,121,2025-07-05
DEPOT-NJ,LOT-038-B,BIN-1645,6,2025-07-23
DEPOT-NJ,LOT-038-B,BIN-0928,8,2025-07-31
DEPOT-NJ,LOT-038-B,BIN-0257,7,2025-07-13
DEPOT-NJ,LOT-038-B,BIN-0778,8,2025-07-27
DEPOT-NJ,LOT-038-B,BIN-0741,2,2025-07-31
DEPOT-NJ,LOT-038-C,BIN-0582,73,2025-07-12
DEPOT-NJ,LOT-038-C,BIN-1266,11,2025-07-24
DEPOT-NJ,LOT-039-A,BIN-0474,4,2025-07-23
DEPOT-NJ,LOT-039-A,BIN-1571,8,2025-07-25
DEPOT-NJ,LOT-039-A,BIN-1848,4,2025-07-13
DEPOT-NJ,LOT-039-A,BIN-0026,9,2025-07-20
DEPOT-NJ,LOT-039-A,BIN-0836,2,2025-07-18
DEPOT-NJ,LOT-039-A,BIN-0408,8,2025-07-31
DEPOT-NJ,LOT-039-B,BIN-1786,11,2025-07-03
DEPOT-NJ,LOT-039-B,BIN-0489,2,2025-07-31
DEPOT-NJ,LOT-039-C,BIN-1988,22,2025-07-22
DEPOT-NJ,LOT-039-C,BIN-1295,31,2025-07-18
DEPOT-NJ,LOT-041-A,BIN-1373,36,2025-07-14
DEPOT-NJ,LOT-041-A,BIN-1231,7,2025-07-05
DEPOT-NJ,LOT-041-B,BIN-1660,10,2025-07-31
DEPOT-NJ,LOT-041-B,BIN-1232,16,2025-07-25
DEPOT-NJ,LOT-041-B,BIN-0838,2,2025-07-24
DEPOT-NJ,LOT-041-B,BIN-1870,1,2025-07-30
DEPOT-NJ,LOT-041-C,BIN-0757,1,2025-07-30
DEPOT-NJ,LOT-041-C,BIN-1563,14,2025-07-21
DEPOT-NJ,LOT-041-C,BIN-1870,2,2025-07-15
DEPOT-NJ,LOT-041-C,BIN-0181,7,2025-07-14
DEPOT-NJ,LOT-042-A,BIN-0034,30,2025-07-19
DEPOT-NJ,LOT-042-A,BIN-0077,15,2025-07-20
DEPOT-NJ,LOT-042-A,BIN-1731,16,2025-07-06
DEPOT-NJ,LOT-042-A,BIN-0397,2,2025-07-27
DEPOT-NJ,LOT-042-B,BIN-0278,20,2025-07-04
DEPOT-NJ,LOT-042-B,BIN-0737,12,2025-07-24
DEPOT-NJ,LOT-042-C,BIN-0392,17,2025-07-25
DEPOT-NJ,LOT-042-C,BIN-1128,18,2025-07-03
DEPOT-NJ,LOT-042-C,BIN-0055,2,2025-07-12
DEPOT-NJ,LOT-042-C,BIN-0671,2,2025-07-19
DEPOT-NJ,LOT-042-C,BIN-0646,15,2025-07-12
DEPOT-NJ,LOT-044-A,BIN-1159,13,2025-07-08
DEPOT-NJ,LOT-044-A,BIN-0239,11,2025-07-15
DEPOT-NJ,LOT-044-A,BIN-0397,4,2025-07-30
DEPOT-NJ,LOT-044-A,BIN-1635,13,2025-07-11
DEPOT-NJ,LOT-044-A,BIN-1806,4,2025-07-27
DEPOT-NJ,LOT-044-A,BIN-0203,2,2025-07-21
DEPOT-NJ,LOT-044-B,BIN-1408,6,2025-07-12
DEPOT-NJ,LOT-044-B,BIN-1650,5,2025-07-09
DEPOT-NJ,LOT-044-B,BIN-0165,3,2025-07-25
DEPOT-NJ,LOT-044-B,BIN-0929,3,2025-07-24
DEPOT-NJ,LOT-044-B,BIN-1378,2,2025-07-17
DEPOT-NJ,LOT-044-C,BIN-0728,8,2025-08-01
DEPOT-NJ,LOT-044-C,BIN-0973,3,2025-07-15
DEPOT-NJ,LOT-044-C,BIN-1348,5,2025-07-10
DEPOT-NJ,LOT-044-C,BIN-0653,6,2025-07-27
DEPOT-NJ,LOT-044-C,BIN-0105,2,2025-07-18
DEPOT-NJ,LOT-048-A,BIN-1482,1,2025-07-21
DEPOT-NJ,LOT-048-A,BIN-1764,5,2025-07-22
DEPOT-NJ,LOT-048-B,BIN-0929,11,2025-07-09
DEPOT-NJ,LOT-048-B,BIN-0907,12,2025-07-04
DEPOT-NJ,LOT-048-B,BIN-0236,4,2025-07-10
DEPOT-NJ,LOT-048-B,BIN-0050,1,2025-07-04
DEPOT-NJ,LOT-048-B,BIN-1182,8,2025-07-22
DEPOT-NJ,LOT-048-B,BIN-0947,4,2025-07-21
DEPOT-NJ,LOT-048-C,BIN-1578,139,2025-07-25
DEPOT-NJ,LOT-049-A,BIN-0391,14,2025-07-07
DEPOT-NJ,LOT-049-A,BIN-0819,12,2025-07-22
DEPOT-NJ,LOT-049-A,BIN-1010,2,2025-07-26
DEPOT-NJ,LOT-049-A,BIN-0865,14,2025-07-24
DEPOT-NJ,LOT-049-A,BIN-1590,7,2025-08-01
DEPOT-NJ,LOT-049-A,BIN-1881,17,2025-07-18
DEPOT-NJ,LOT-049-B,BIN-0538,2,2025-07-12
DEPOT-NJ,LOT-049-B,BIN-1363,3,2025-07-30
DEPOT-NJ,LOT-049-B,BIN-0543,3,2025-07-20
DEPOT-NJ,LOT-049-B,BIN-0948,3,2025-07-05
DEPOT-NJ,LOT-049-B,BIN-1247,3,2025-08-01
DEPOT-NJ,LOT-049-B,BIN-0035,1,2025-07-07
DEPOT-NJ,LOT-049-C,BIN-0477,19,2025-07-31
DEPOT-NJ,LOT-049-C,BIN-0193,13,2025-07-04
DEPOT-NJ,LOT-049-C,BIN-0490,9,2025-07-10
DEPOT-NJ,LOT-052-A,BIN-0690,33,2025-07-15
DEPOT-NJ,LOT-052-A,BIN-1890,23,2025-07-12
DEPOT-NJ,LOT-052-B,BIN-1272,18,2025-07-03
DEPOT-NJ,LOT-052-C,BIN-1637,4,2025-07-18
DEPOT-NJ,LOT-052-C,BIN-1130,9,2025-07-10
DEPOT-NJ,LOT-052-C,BIN-0335,5,2025-07-16
DEPOT-NJ,LOT-052-C,BIN-0053,9,2025-07-30
DEPOT-NJ,LOT-052-C,BIN-1444,2,2025-07-20
DEPOT-NJ,LOT-054-A,BIN-1149,22,2025-07-14
DEPOT-NJ,LOT-054-A,BIN-0060,24,2025-07-16
DEPOT-NJ,LOT-054-A,BIN-1381,14,2025-07-30
DEPOT-NJ,LOT-054-A,BIN-1209,14,2025-07-20
DEPOT-NJ,LOT-054-B,BIN-1965,4,2025-07-05
DEPOT-NJ,LOT-054-C,BIN-0722,3,2025-07-22
DEPOT-NJ,LOT-054-C,BIN-1454,16,2025-07-12
DEPOT-NJ,LOT-054-C,BIN-0816,13,2025-07-14
DEPOT-NJ,LOT-054-C,BIN-0514,18,2025-07-22
DEPOT-NJ,LOT-054-C,BIN-1227,2,2025-07-04
DEPOT-NJ,LOT-054-C,BIN-0788,4,2025-07-30
DEPOT-NJ,LOT-060-A,BIN-0252,67,2025-07-19
DEPOT-NJ,LOT-060-A,BIN-1531,6,2025-07-07
DEPOT-NJ,LOT-060-B,BIN-1963,2,2025-07-03
DEPOT-NJ,LOT-060-B,BIN-0493,3,2025-08-01
DEPOT-NJ,LOT-060-B,BIN-0193,14,2025-07-04
DEPOT-NJ,LOT-060-B,BIN-1311,7,2025-07-25
DEPOT-NJ,LOT-060-C,BIN-0136,8,2025-07-06
DEPOT-NJ,LOT-060-C,BIN-0728,16,2025-07-17
DEPOT-NJ,LOT-060-C,BIN-0839,3,2025-07-03
DEPOT-NJ,LOT-060-C,BIN-0783,5,2025-07-08
DEPOT-TYO,LOT-010-A,BIN-0576,10,2025-07-21
DEPOT-TYO,LOT-010-A,BIN-1195,16,2025-07-07
DEPOT-TYO,LOT-010-B,BIN-0006,18,2025-07-09
DEPOT-TYO,LOT-010-B,BIN-1842,12,2025-07-26
DEPOT-TYO,LOT-010-C,BIN-1091,91,2025-07-04
DEPOT-TYO,LOT-018-A,BIN-1156,12,2025-07-27
DEPOT-TYO,LOT-018-A,BIN-1308,3,2025-07-21
DEPOT-TYO,LOT-018-A,BIN-1611,12,2025-07-23
DEPOT-TYO,LOT-018-A,BIN-1417,8,2025-07-06
DEPOT-TYO,LOT-018-A,BIN-1040,8,2025-07-05
DEPOT-TYO,LOT-018-A,BIN-1047,5,2025-08-01
DEPOT-TYO,LOT-018-B,BIN-0029,3,2025-07-20
DEPOT-TYO,LOT-018-B,BIN-1167,2,2025-07-29
DEPOT-TYO,LOT-018-B,BIN-0885,5,2025-07-26
DEPOT-TYO,LOT-018-B,BIN-0108,12,2025-07-15
DEPOT-TYO,LOT-018-C,BIN-1196,19,2025-07-10
DEPOT-TYO,LOT-018-C,BIN-0998,7,2025-07-13
DEPOT-TYO,LOT-018-C,BIN-1764,6,2025-07-28
DEPOT-TYO,LOT-028-A,BIN-0111,26,2025-07-17
DEPOT-TYO,LOT-028-A,BIN-1196,19,2025-07-17
DEPOT-TYO,LOT-028-A,BIN-1576,4,2025-07-13
DEPOT-TYO,LOT-028-B,BIN-0350,8,2025-07-19
DEPOT-TYO,LOT-028-B,BIN-0925,1,2025-07-10
DEPOT-TYO,LOT-028-B,BIN-0827,3,2025-07-29
DEPOT-TYO,LOT-028-B,BIN-1234,4,2025-07-29
DEPOT-TYO,LOT-028-B,BIN-0559,1,2025-07-10
DEPOT-TYO,LOT-028-C,BIN-0556,5,2025-07-27
DEPOT-TYO,LOT-028-C,BIN-0168,15,2025-07-09
DEPOT-TYO,LOT-028-C,BIN-0149,9,2025-07-29
DEPOT-TYO,LOT-028-C,BIN-1419,19,2025-07-15
DEPOT-TYO,LOT-029-A,BIN-1942,33,2025-07-12
DEPOT-TYO,LOT-029-B,BIN-0673,5,2025-07-26
DEPOT-TYO,LOT-029-B,BIN-1665,3,2025-07-05
DEPOT-TYO,LOT-029-B,BIN-0174,1,2025-07-07
DEPOT-TYO,LOT-029-B,BIN-0463,2,2025-07-26
DEPOT-TYO,LOT-029-C,BIN-0736,12,2025-07-11
DEPOT-TYO,LOT-029-C,BIN-0443,2,2025-07-05
DEPOT-TYO,LOT-029-C,BIN-0010,11,2025-07-24
DEPOT-TYO,LOT-029-C,BIN-1725,6,2025-07-15
DEPOT-TYO,LOT-029-C,BIN-1510,9,2025-07-22
DEPOT-TYO,LOT-033-A,BIN-1823,6,2025-07-07
DEPOT-TYO,LOT-033-A,BIN-0226,8,2025-07-27
DEPOT-TYO,LOT-033-A,BIN-0777,4,2025-07-03
DEPOT-TYO,LOT-033-A,BIN-0360,1,2025-07-21
DEPOT-TYO,LOT-033-A,BIN-1617,13,2025-07-30
DEPOT-TYO,LOT-033-B,BIN-1400,7,2025-07-07
DEPOT-TYO,LOT-033-B,BIN-0192,6,2025-07-23
DEPOT-TYO,LOT-033-C,BIN-0304,7,2025-07-23
DEPOT-TYO,LOT-047-A,BIN-1232,1,2025-07-17
DEPOT-TYO,LOT-047-A,BIN-1500,10,2025-07-07
DEPOT-TYO,LOT-047-A,BIN-1845,11,2025-07-21
DEPOT-TYO,LOT-047-A,BIN-1107,12,2025-07-09
DEPOT-TYO,LOT-047-A,BIN-0200,7,2025-07-08
DEPOT-TYO,LOT-047-B,BIN-0841,7,2025-07-15
DEPOT-TYO,LOT-047-B,BIN-0671,3,2025-07-24
DEPOT-TYO,LOT-047-B,BIN-0507,5,2025-07-29
DEPOT-TYO,LOT-047-B,BIN-1295,2,2025-07-25
DEPOT-TYO,LOT-047-B,BIN-0405,1,2025-07-28
DEPOT-TYO,LOT-047-B,BIN-1102,1,2025-07-22
DEPOT-TYO,LOT-047-C,BIN-0476,2,2025-07-27
DEPOT-TYO,LOT-047-C,BIN-1172,28,2025-07-09
DEPOT-TYO,LOT-047-C,BIN-1331,2,2025-07-30
DEPOT-TYO,LOT-047-C,BIN-0347,11,2025-07-17
DEPOT-TYO,LOT-056-A,BIN-1654,14,2025-07-08
DEPOT-TYO,LOT-056-A,BIN-0160,4,2025-07-20
DEPOT-TYO,LOT-056-A,BIN-0790,13,2025-07-11
DEPOT-TYO,LOT-056-A,BIN-1997,9,2025-07-19
DEPOT-TYO,LOT-056-A,BIN-0629,6,2025-07-24
DEPOT-TYO,LOT-056-B,BIN-0700,52,2025-07-29
DEPOT-TYO,LOT-056-C,BIN-0056,6,2025-08-01
DEPOT-TYO,LOT-056-C,BIN-1350,23,2025-07-24
DEPOT-NJ,LOT-008-A,BIN-0034,0,2025-07-18
DEPOT-TYO,LOT-048-B,BIN-0539,0,2025-07-16
DEPOT-NJ,LOT-047-B,BIN-1105,0,2025-07-17
DEPOT-NJ,LOT-022-B,BIN-0849,0,2025-07-29
DEPOT-NJ,LOT-024-A,BIN-0946,0,2025-07-27
DEPOT-HH,LOT-059-A,BIN-0237,0,2025-07-31
DEPOT-HH,LOT-010-A,BIN-0945,0,2025-07-27
DEPOT-HH,LOT-025-A,BIN-1481,0,2025-07-09
DEPOT-HH,LOT-034-C,BIN-1530,0,2025-07-25
DEPOT-HH,LOT-023-A,BIN-1001,0,2025-07-20
DEPOT-HH,LOT-003-B,BIN-0367,0,2025-07-09
DEPOT-BLR,LOT-017-C,BIN-1093,0,2025-07-31
DEPOT-HH,LOT-002-A,BIN-1100,0,2025-07-11
DEPOT-TYO,LOT-060-C,BIN-0747,0,2025-07-14
DEPOT-BLR,LOT-039-C,BIN-0237,0,2025-07-07
DEPOT-TYO,LOT-040-B,BIN-1296,0,2025-07-29
DEPOT-HH,LOT-027-A,BIN-1867,0,2025-07-23
DEPOT-HH,LOT-028-C,BIN-0752,0,2025-07-05
DEPOT-HH,LOT-007-B,BIN-0537,0,2025-07-23
DEPOT-HH,LOT-029-B,BIN-1972,0,2025-07-31
DEPOT-HH,LOT-018-C,BIN-0326,0,2025-07-10
DEPOT-HH,LOT-012-B,BIN-1527,0,2025-07-06
DEPOT-NJ,LOT-060-B,BIN-1662,0,2025-07-05
DEPOT-HH,LOT-017-A,BIN-1361,0,2025-07-09
DEPOT-NJ,LOT-021-A,BIN-0658,0,2025-07-25
DEPOT-BLR,LOT-014-C,BIN-1445,0,2025-07-11
DEPOT-HH,LOT-011-B,BIN-1432,0,2025-07-04
DEPOT-TYO,LOT-029-C,BIN-1529,0,2025-07-04
DEPOT-NJ,LOT-058-C,BIN-0554,0,2025-07-25
DEPOT-NJ,LOT-034-C,BIN-1656,0,2025-07-25
DEPOT-HH,LOT-041-A,BIN-1716,0,2025-07-21
DEPOT-TYO,LOT-045-A,BIN-0196,0,2025-07-17
DEPOT-HH,LOT-010-B,BIN-1789,0,2025-07-28
DEPOT-HH,LOT-005-A,BIN-0032,0,2025-07-15
DEPOT-NJ,LOT-035-A,BIN-0563,0,2025-07-19
DEPOT-NJ,LOT-004-C,BIN-1899,0,2025-07-20
DEPOT-HH,LOT-042-B,BIN-0588,0,2025-07-12
DEPOT-HH,LOT-001-B,BIN-1642,0,2025-07-09
DEPOT-HH,LOT-035-A,BIN-1739,0,2025-07-20
DEPOT-NJ,LOT-005-A,BIN-1457,0,2025-07-27
DEPOT-BLR,LOT-001-A,BIN-1906,0,2025-07-05
DEPOT-TYO,LOT-011-B,BIN-1417,0,2025-07-26
DEPOT-TYO,LOT-051-C,BIN-1541,0,2025-07-03
DEPOT-NJ,LOT-013-C,BIN-0904,0,2025-07-16
DEPOT-HH,LOT-028-A,BIN-0151,0,2025-07-14
DEPOT-NJ,LOT-025-C,BIN-0934,0,2025-07-10
DEPOT-NJ,LOT-034-A,BIN-0831,0,2025-07-18
DEPOT-BLR,LOT-028-A,BIN-0096,0,2025-07-26
DEPOT-NJ,LOT-027-C,BIN-0089,0,2025-07-04
DEPOT-NJ,LOT-038-B,BIN-1339,0,2025-07-11
DEPOT-HH,LOT-023-B,BIN-1796,0,2025-07-20
DEPOT-BLR,LOT-053-B,BIN-1994,0,2025-07-27
DEPOT-HH,LOT-058-A,BIN-0276,0,2025-07-24
DEPOT-HH,LOT-003-B,BIN-1627,0,2025-07-23
DEPOT-NJ,LOT-018-C,BIN-1328,0,2025-07-05
DEPOT-HH,LOT-028-A,BIN-0766,0,2025-07-04
DEPOT-HH,LOT-051-B,BIN-1662,0,2025-07-09
DEPOT-HH,LOT-017-C,BIN-0736,0,2025-07-28
DEPOT-NJ,LOT-040-C,BIN-0336,0,2025-07-19
DEPOT-TYO,LOT-014-B,BIN-0293,0,2025-07-04
DEPOT-HH,LOT-047-B,BIN-1004,0,2025-07-16
DEPOT-NJ,LOT-032-C,BIN-0513,0,2025-07-12
DEPOT-NJ,LOT-052-B,BIN-0093,0,2025-07-09
DEPOT-TYO,LOT-019-C,BIN-1161,0,2025-07-18
DEPOT-NJ,LOT-035-A,BIN-1720,0,2025-07-30
DEPOT-HH,LOT-054-B,BIN-1232,0,2025-07-18
DEPOT-NJ,LOT-036-C,BIN-1994,0,2025-08-01
DEPOT-HH,LOT-060-B,BIN-1655,0,2025-07-08
DEPOT-NJ,LOT-049-A,BIN-0473,0,2025-07-05
DEPOT-NJ,LOT-004-B,BIN-1615,0,2025-07-30
DEPOT-HH,LOT-043-B,BIN-0099,0,2025-07-11
DEPOT-HH,LOT-050-C,BIN-0434,0,2025-07-22
DEPOT-HH,LOT-046-A,BIN-0205,0,2025-07-11
DEPOT-HH,LOT-040-A,BIN-1752,0,2025-07-26
DEPOT-HH,LOT-060-A,BIN-1556,0,2025-07-15
DEPOT-NJ,LOT-023-A,BIN-0115,0,2025-07-10
DEPOT-TYO,LOT-022-C,BIN-1158,0,2025-07-21
DEPOT-HH,LOT-029-A,BIN-0331,0,2025-07-30
DEPOT-HH,LOT-029-B,BIN-0149,0,2025-07-28
DEPOT-HH,LOT-025-B,BIN-0416,0,2025-07-26
DEPOT-HH,LOT-048-A,BIN-0604,0,2025-07-09
DEPOT-TYO,LOT-030-B,BIN-0759,0,2025-07-10
DEPOT-TYO,LOT-025-A,BIN-1006,0,2025-07-20
DEPOT-TYO,LOT-012-C,BIN-1909,0,2025-07-07
DEPOT-NJ,LOT-043-C,BIN-1630,0,2025-07-21
DEPOT-NJ,LOT-030-B,BIN-1203,0,2025-07-18
DEPOT-HH,LOT-029-C,BIN-0400,0,2025-07-22
DEPOT-HH,LOT-019-C,BIN-1177,0,2025-07-13
DEPOT-BLR,LOT-041-B,BIN-0922,0,2025-07-29
DEPOT-HH,LOT-006-C,BIN-1164,0,2025-07-20
DEPOT-NJ,LOT-044-A,BIN-1254,0,2025-07-22
DEPOT-HH,LOT-032-A,BIN-0924,0,2025-07-17
DEPOT-TYO,LOT-034-A,BIN-1735,0,2025-07-08
DEPOT-HH,LOT-007-B,BIN-1972,0,2025-07-20
DEPOT-NJ,LOT-059-B,BIN-0292,0,2025-07-17
DEPOT-NJ,LOT-025-B,BIN-1486,0,2025-07-12
DEPOT-HH,LOT-043-A,BIN-1806,0,2025-07-21
DEPOT-NJ,LOT-052-A,BIN-0272,0,2025-07-17
DEPOT-NJ,LOT-014-A,BIN-1631,0,2025-07-14
DEPOT-HH,LOT-028-B,BIN-0928,0,2025-07-22
DEPOT-NJ,LOT-049-C,BIN-0303,0,2025-07-27
DEPOT-NJ,LOT-004-C,BIN-1450,0,2025-07-17
DEPOT-BLR,LOT-043-B,BIN-0852,0,2025-07-23
DEPOT-NJ,LOT-030-C,BIN-1013,0,2025-07-12
DEPOT-HH,LOT-014-A,BIN-0651,0,2025-07-08
DEPOT-HH,LOT-040-B,BIN-0474,0,2025-07-13
DEPOT-NJ,LOT-039-B,BIN-1354,0,2025-07-25
DEPOT-HH,LOT-011-A,BIN-0110,0,2025-07-22
DEPOT-HH,LOT-016-B,BIN-0386,0,2025-07-20
DEPOT-TYO,LOT-017-A,BIN-1769,0,2025-07-19
DEPOT-BLR,LOT-005-B,BIN-1067,0,2025-07-26
DEPOT-HH,LOT-037-B,BIN-1684,0,2025-07-21
DEPOT-NJ,LOT-005-C,BIN-1752,0,2025-07-13
DEPOT-TYO,LOT-008-C,BIN-0455,0,2025-07-20
DEPOT-HH,LOT-030-C,BIN-0609,0,2025-07-22
DEPOT-HH,LOT-024-C,BIN-0347,0,2025-07-16
DEPOT-HH,LOT-031-C,BIN-0196,0,2025-07-22
DEPOT-HH,LOT-027-A,BIN-0347,0,2025-07-08
DEPOT-HH,LOT-041-A,BIN-1728,0,2025-07-11
DEPOT-NJ,LOT-018-C,BIN-1345,0,2025-07-15
DEPOT-HH,LOT-058-C,BIN-0427,0,2025-08-01
DEPOT-NJ,LOT-032-C,BIN-0779,0,2025-07-30
DEPOT-TYO,LOT-006-C,BIN-0324,0,2025-07-24
DEPOT-NJ,LOT-018-A,BIN-0378,0,2025-07-05
DEPOT-HH,LOT-046-B,BIN-1360,0,2025-08-01
DEPOT-TYO,LOT-014-C,BIN-0975,0,2025-07-17
DEPOT-NJ,LOT-035-B,BIN-1651,0,2025-07-04
DEPOT-NJ,LOT-016-A,BIN-1659,0,2025-07-13
DEPOT-NJ,LOT-052-B,BIN-0095,0,2025-07-05
DEPOT-NJ,LOT-019-C,BIN-0273,0,2025-07-21
DEPOT-NJ,LOT-013-A,BIN-1946,0,2025-07-17
DEPOT-HH,LOT-017-A,BIN-1460,0,2025-07-08
DEPOT-BLR,LOT-002-A,BIN-1983,0,2025-07-07
DEPOT-NJ,LOT-009-B,BIN-0928,0,2025-07-14
DEPOT-NJ,LOT-023-A,BIN-1856,0,2025-07-06
DEPOT-TYO,LOT-004-A,BIN-0194,0,2025-07-07
DEPOT-HH,LOT-038-A,BIN-1529,0,2025-07-07
DEPOT-HH,LOT-030-B,BIN-0042,0,2025-07-21
DEPOT-BLR,LOT-057-A,BIN-1314,0,2025-07-26
DEPOT-HH,LOT-029-B,BIN-0123,0,2025-07-09
DEPOT-HH,LOT-048-A,BIN-0970,0,2025-07-06
DEPOT-HH,LOT-045-B,BIN-0552,0,2025-07-15
DEPOT-NJ,LOT-044-B,BIN-0622,0,2025-07-06
DEPOT-NJ,LOT-050-C,BIN-0725,0,2025-07-23
DEPOT-TYO,LOT-025-A,BIN-1706,0,2025-07-29
DEPOT-TYO,LOT-005-C,BIN-0480,0,2025-07-22
DEPOT-BLR,LOT-027-B,BIN-0408,0,2025-07-08
DEPOT-HH,LOT-007-B,BIN-1785,0,2025-07-31
DEPOT-HH,LOT-054-A,BIN-0038,0,2025-07-16
DEPOT-TYO,LOT-055-C,BIN-0164,0,2025-07-07
DEPOT-NJ,LOT-057-A,BIN-0265,0,2025-07-27
DEPOT-HH,LOT-038-C,BIN-1280,0,2025-07-20
DEPOT-BLR,LOT-007-B,BIN-1600,0,2025-07-24
DEPOT-NJ,LOT-012-A,BIN-0344,0,2025-07-28
DEPOT-HH,LOT-001-B,BIN-0032,0,2025-07-24
DEPOT-NJ,LOT-004-B,BIN-1335,0,2025-07-30
DEPOT-HH,LOT-010-A,BIN-0485,0,2025-07-10
DEPOT-HH,LOT-045-C,BIN-0649,0,2025-07-29
DEPOT-HH,LOT-016-B,BIN-0466,0,2025-07-12
DEPOT-HH,LOT-019-B,BIN-1045,0,2025-07-05
DEPOT-NJ,LOT-021-A,BIN-1363,0,2025-07-09
DEPOT-HH,LOT-038-B,BIN-0657,0,2025-07-05
DEPOT-TYO,LOT-048-B,BIN-0446,0,2025-07-29
DEPOT-TYO,LOT-022-A,BIN-0143,0,2025-07-20
DEPOT-TYO,LOT-033-A,BIN-0225,0,2025-07-31
DEPOT-HH,LOT-029-B,BIN-0578,0,2025-07-05
DEPOT-NJ,LOT-046-A,BIN-0456,0,2025-07-31
DEPOT-HH,LOT-037-C,BIN-0801,0,2025-07-07
DEPOT-TYO,LOT-053-B,BIN-1110,0,2025-07-16
DEPOT-NJ,LOT-036-B,BIN-1483,0,2025-07-31
DEPOT-BLR,LOT-044-C,BIN-1284,0,2025-07-23
DEPOT-NJ,LOT-006-A,BIN-1509,0,2025-07-03
DEPOT-HH,LOT-013-A,BIN-1812,0,2025-07-12
DEPOT-NJ,LOT-008-B,BIN-0318,0,2025-07-26
DEPOT-NJ,LOT-018-A,BIN-0801,0,2025-07-17
DEPOT-NJ,LOT-002-A,BIN-1046,0,2025-07-21
DEPOT-HH,LOT-020-A,BIN-1491,0,2025-07-12
DEPOT-NJ,LOT-039-C,BIN-0221,0,2025-07-14
DEPOT-NJ,LOT-009-A,BIN-0989,0,2025-07-31
DEPOT-TYO,LOT-044-B,BIN-1603,0,2025-07-24
DEPOT-HH,LOT-011-C,BIN-0211,0,2025-07-16
DEPOT-HH,LOT-033-C,BIN-0033,0,2025-07-23
DEPOT-HH,LOT-041-C,BIN-0078,0,2025-07-03
DEPOT-HH,LOT-029-B,BIN-1241,0,2025-07-18
DEPOT-HH,LOT-058-B,BIN-1301,0,2025-07-20
DEPOT-BLR,LOT-051-A,BIN-1741,0,2025-07-11
DEPOT-HH,LOT-048-C,BIN-1792,0,2025-07-23
DEPOT-HH,LOT-016-C,BIN-0807,0,2025-07-29
DEPOT-TYO,LOT-020-C,BIN-1841,0,2025-07-16
DEPOT-NJ,LOT-007-B,BIN-1213,0,2025-07-06
DEPOT-TYO,LOT-036-B,BIN-1051,0,2025-07-28
DEPOT-HH,LOT-026-C,BIN-1731,0,2025-07-03
DEPOT-TYO,LOT-059-A,BIN-0628,0,2025-07-15
DEPOT-NJ,LOT-027-A,BIN-1392,0,2025-07-04
DEPOT-HH,LOT-001-A,BIN-0650,0,2025-07-05
DEPOT-NJ,LOT-021-C,BIN-0502,0,2025-07-09
DEPOT-BLR,LOT-018-B,BIN-1377,0,2025-07-13
DEPOT-TYO,LOT-042-B,BIN-1243,0,2025-07-09
DEPOT-TYO,LOT-007-A,BIN-0096,0,2025-07-04
DEPOT-HH,LOT-003-C,BIN-0358,0,2025-07-19
DEPOT-HH,LOT-032-C,BIN-0187,0,2025-07-03
DEPOT-BLR,LOT-045-C,BIN-0825,0,2025-07-16
DEPOT-HH,LOT-040-B,BIN-0096,0,2025-07-23
DEPOT-HH,LOT-037-C,BIN-0857,0,2025-07-09
DEPOT-BLR,LOT-055-A,BIN-0411,0,2025-07-25
DEPOT-NJ,LOT-037-C,BIN-1954,0,2025-07-31
DEPOT-HH,LOT-026-B,BIN-0808,0,2025-07-03
DEPOT-HH,LOT-038-C,BIN-1936,0,2025-07-26
DEPOT-NJ,LOT-011-C,BIN-1719,0,2025-07-04
DEPOT-NJ,LOT-023-A,BIN-1488,0,2025-07-04
DEPOT-HH,LOT-013-C,BIN-1398,0,2025-07-12
DEPOT-HH,LOT-041-A,BIN-1392,0,2025-07-20
DEPOT-HH,LOT-057-B,BIN-1860,0,2025-07-04
DEPOT-HH,LOT-049-C,BIN-1679,0,2025-08-01
DEPOT-HH,LOT-004-B,BIN-0700,0,2025-07-21
DEPOT-HH,LOT-050-C,BIN-0650,0,2025-07-28
DEPOT-HH,LOT-022-B,BIN-0664,0,2025-08-01
DEPOT-NJ,LOT-022-B,BIN-1541,0,2025-07-11
DEPOT-BLR,LOT-046-B,BIN-1286,0,2025-07-22
DEPOT-HH,LOT-057-C,BIN-0703,0,2025-07-16
DEPOT-NJ,LOT-018-C,BIN-1718,0,2025-07-04
DEPOT-NJ,LOT-054-B,BIN-1395,0,2025-07-22
DEPOT-NJ,LOT-046-C,BIN-1259,0,2025-08-01
DEPOT-HH,LOT-044-C,BIN-1554,0,2025-07-31
DEPOT-NJ,LOT-005-A,BIN-1208,0,2025-07-20
DEPOT-HH,LOT-028-C,BIN-1302,0,2025-07-25
DEPOT-HH,LOT-005-C,BIN-0761,0,2025-07-30
DEPOT-NJ,LOT-034-B,BIN-0847,0,2025-07-25
DEPOT-HH,LOT-053-A,BIN-1871,0,2025-07-20
DEPOT-TYO,LOT-010-A,BIN-1432,0,2025-07-11
DEPOT-NJ,LOT-051-A,BIN-1607,0,2025-07-29
DEPOT-HH,LOT-053-B,BIN-1114,0,2025-07-28
DEPOT-HH,LOT-046-A,BIN-1521,0,2025-07-16
DEPOT-HH,LOT-052-C,BIN-0337,0,2025-07-04
DEPOT-NJ,LOT-005-B,BIN-1165,0,2025-07-13
DEPOT-HH,LOT-042-C,BIN-0525,0,2025-07-09
DEPOT-NJ,LOT-010-B,BIN-0053,0,2025-07-28
DEPOT-BLR,LOT-010-B,BIN-0868,0,2025-07-09
DEPOT-HH,LOT-018-A,BIN-0859,0,2025-07-25
DEPOT-TYO,LOT-016-A,BIN-0337,0,2025-07-25
DEPOT-HH,LOT-013-B,BIN-1468,0,2025-07-05
DEPOT-NJ,LOT-052-A,BIN-1421,0,2025-07-19
DEPOT-NJ,LOT-009-B,BIN-0575,0,2025-07-30
DEPOT-HH,LOT-046-B,BIN-1805,0,2025-07-19
DEPOT-NJ,LOT-058-B,BIN-1208,0,2025-07-17
DEPOT-HH,LOT-028-C,BIN-0383,0,2025-07-12
DEPOT-NJ,LOT-057-B,BIN-1672,0,2025-07-24
DEPOT-HH,LOT-028-C,BIN-1656,0,2025-07-16
DEPOT-NJ,LOT-017-B,BIN-1162,0,2025-07-06
DEPOT-HH,LOT-029-C,BIN-1235,0,2025-07-22
DEPOT-NJ,LOT-011-C,BIN-1616,0,2025-07-26
DEPOT-BLR,LOT-037-B,BIN-1339,0,2025-07-09
DEPOT-HH,LOT-051-C,BIN-0984,0,2025-07-25
DEPOT-BLR,LOT-017-C,BIN-0713,0,2025-07-21
DEPOT-TYO,LOT-032-A,BIN-1255,0,2025-07-24
DEPOT-HH,LOT-006-A,BIN-0478,0,2025-07-09
DEPOT-NJ,LOT-049-C,BIN-1778,0,2025-07-11
DEPOT-TYO,LOT-017-C,BIN-1424,0,2025-07-04
DEPOT-TYO,LOT-009-A,BIN-0012,0,2025-07-31
DEPOT-HH,LOT-019-B,BIN-0391,0,2025-07-07
DEPOT-HH,LOT-001-C,BIN-1290,0,2025-07-25
DEPOT-TYO,LOT-007-A,BIN-1434,0,2025-07-07
DEPOT-NJ,LOT-009-A,BIN-0461,0,2025-07-04
DEPOT-HH,LOT-035-A,BIN-1724,0,2025-07-05
DEPOT-HH,LOT-047-A,BIN-0027,0,2025-07-14
DEPOT-HH,LOT-031-B,BIN-0309,0,2025-07-19
DEPOT-BLR,LOT-011-C,BIN-1311,0,2025-07-24
DEPOT-HH,LOT-017-C,BIN-1073,0,2025-07-11
DEPOT-HH,LOT-059-C,BIN-0322,0,2025-07-12
DEPOT-HH,LOT-041-A,BIN-0334,0,2025-07-03
DEPOT-HH,LOT-003-A,BIN-1327,0,2025-07-03
DEPOT-HH,LOT-005-B,BIN-1003,0,2025-07-30
DEPOT-NJ,LOT-054-B,BIN-0688,0,2025-07-21
DEPOT-HH,LOT-058-C,BIN-1475,0,2025-07-23
DEPOT-NJ,LOT-058-B,BIN-1059,0,2025-07-30
DEPOT-NJ,LOT-040-C,BIN-1058,0,2025-07-20
DEPOT-TYO,LOT-035-A,BIN-1512,0,2025-07-31
DEPOT-NJ,LOT-010-A,BIN-0501,0,2025-07-16
DEPOT-NJ,LOT-008-C,BIN-1788,0,2025-07-31
DEPOT-TYO,LOT-052-B,BIN-1865,0,2025-07-28
DEPOT-NJ,LOT-056-A,BIN-1309,0,2025-07-16
DEPOT-HH,LOT-047-A,BIN-0283,0,2025-07-24
DEPOT-HH,LOT-020-A,BIN-1532,0,2025-07-07
DEPOT-HH,LOT-035-B,BIN-1563,0,2025-07-09
DEPOT-TYO,LOT-022-A,BIN-1711,0,2025-07-27
DEPOT-HH,LOT-006-B,BIN-1268,0,2025-07-10
DEPOT-HH,LOT-002-B,BIN-1308,0,2025-07-03
DEPOT-HH,LOT-012-B,BIN-0518,0,2025-07-05
DEPOT-NJ,LOT-017-A,BIN-1313,0,2025-07-03
DEPOT-TYO,LOT-009-C,BIN-1713,0,2025-07-27
DEPOT-HH,LOT-056-C,BIN-0936,0,2025-07-30
DEPOT-NJ,LOT-009-B,BIN-0024,0,2025-07-20
DEPOT-BLR,LOT-036-B,BIN-0052,0,2025-07-29
DEPOT-HH,LOT-041-A,BIN-1951,0,2025-07-31
DEPOT-BLR,LOT-049-B,BIN-1226,0,2025-07-10
DEPOT-HH,LOT-001-C,BIN-0180,0,2025-07-13
DEPOT-HH,LOT-034-C,BIN-1642,0,2025-07-09
DEPOT-HH,LOT-031-B,BIN-0831,0,2025-07-25
DEPOT-HH,LOT-032-A,BIN-1154,0,2025-07-26
DEPOT-NJ,LOT-036-B,BIN-1343,0,2025-07-27
DEPOT-HH,LOT-049-A,BIN-1546,0,2025-07-12
DEPOT-HH,LOT-022-A,BIN-0292,0,2025-07-25
DEPOT-NJ,LOT-056-A,BIN-0223,0,2025-07-25
DEPOT-HH,LOT-058-C,BIN-1482,0,2025-07-26
DEPOT-HH,LOT-048-B,BIN-0371,0,2025-07-22
DEPOT-NJ,LOT-039-C,BIN-1955,0,2025-07-19
DEPOT-HH,LOT-047-B,BIN-0559,0,2025-07-17
DEPOT-NJ,LOT-012-B,BIN-0840,0,2025-07-30
DEPOT-HH,LOT-041-A,BIN-0326,0,2025-07-07
DEPOT-BLR,LOT-016-C,BIN-1411,0,2025-07-13
DEPOT-HH,LOT-023-B,BIN-0954,0,2025-07-17
DEPOT-HH,LOT-013-C,BIN-1037,0,2025-08-01
DEPOT-HH,LOT-039-C,BIN-0760,0,2025-07-13
DEPOT-NJ,LOT-053-A,BIN-1367,0,2025-07-11
DEPOT-TYO,LOT-024-A,BIN-1998,0,2025-07-05
DEPOT-HH,LOT-036-C,BIN-1409,0,2025-07-05
DEPOT-BLR,LOT-053-B,BIN-0143,0,2025-07-10
DEPOT-TYO,LOT-059-C,BIN-1941,0,2025-07-14
DEPOT-HH,LOT-010-B,BIN-0401,0,2025-07-31
DEPOT-HH,LOT-052-C,BIN-1926,0,2025-07-13
DEPOT-BLR,LOT-029-C,BIN-1704,0,2025-07-28
DEPOT-TYO,LOT-034-C,BIN-1479,0,2025-07-10
DEPOT-HH,LOT-002-B,BIN-0465,0,2025-07-26
DEPOT-HH,LOT-009-A,BIN-0483,0,2025-07-19
DEPOT-HH,LOT-002-B,BIN-1525,0,2025-07-18
DEPOT-HH,LOT-024-C,BIN-0280,0,2025-07-11
DEPOT-HH,LOT-029-C,BIN-1269,0,2025-07-11
DEPOT-HH,LOT-009-B,BIN-1273,0,2025-07-30
DEPOT-NJ,LOT-054-A,BIN-0378,0,2025-07-11
DEPOT-NJ,LOT-017-C,BIN-0618,0,2025-07-14
DEPOT-NJ,LOT-056-A,BIN-0551,0,2025-07-25
DEPOT-HH,LOT-030-A,BIN-0522,0,2025-07-17
DEPOT-NJ,LOT-044-B,BIN-0941,0,2025-07-21
DEPOT-BLR,LOT-056-C,BIN-0114,0,2025-07-19
DEPOT-NJ,LOT-015-A,BIN-1408,0,2025-07-16
DEPOT-NJ,LOT-020-B,BIN-0317,0,2025-07-17
DEPOT-HH,LOT-048-B,BIN-1343,0,2025-07-15
DEPOT-NJ,LOT-048-A,BIN-0026,0,2025-07-19
DEPOT-TYO,LOT-050-C,BIN-0665,0,2025-07-20
DEPOT-HH,LOT-039-C,BIN-1199,0,2025-07-11
DEPOT-TYO,LOT-002-B,BIN-1993,0,2025-07-22
DEPOT-HH,LOT-019-A,BIN-1740,0,2025-07-21
DEPOT-HH,LOT-046-A,BIN-0101,0,2025-07-16
DEPOT-NJ,LOT-012-B,BIN-1043,0,2025-07-22
DEPOT-HH,LOT-032-C,BIN-1776,0,2025-07-21
DEPOT-HH,LOT-028-C,BIN-0135,0,2025-07-07
DEPOT-HH,LOT-047-C,BIN-0794,0,2025-08-01
DEPOT-HH,LOT-047-A,BIN-1644,0,2025-07-24
DEPOT-TYO,LOT-038-B,BIN-1405,0,2025-08-01
DEPOT-NJ,LOT-054-C,BIN-0503,0,2025-07-05
DEPOT-HH,LOT-001-B,BIN-0391,0,2025-07-07
DEPOT-HH,LOT-016-C,BIN-0656,0,2025-07-22
DEPOT-HH,LOT-018-B,BIN-1731,0,2025-07-19
DEPOT-HH,LOT-041-A,BIN-0287,0,2025-07-05
DEPOT-HH,LOT-019-A,BIN-1773,0,2025-07-10
DEPOT-TYO,LOT-008-C,BIN-1406,0,2025-07-30
DEPOT-HH,LOT-045-B,BIN-0961,0,2025-07-18
DEPOT-BLR,LOT-042-C,BIN-1927,0,2025-07-19
DEPOT-HH,LOT-036-A,BIN-1358,0,2025-07-05
DEPOT-NJ,LOT-013-A,BIN-0719,0,2025-07-10
DEPOT-HH,LOT-019-B,BIN-0842,0,2025-07-14
DEPOT-HH,LOT-056-C,BIN-1155,0,2025-07-14
DEPOT-HH,LOT-022-C,BIN-0999,0,2025-07-16
DEPOT-NJ,LOT-052-B,BIN-1276,0,2025-07-27
DEPOT-HH,LOT-056-B,BIN-0262,0,2025-07-22
DEPOT-NJ,LOT-019-C,BIN-1728,0,2025-07-03
DEPOT-TYO,LOT-009-C,BIN-1704,0,2025-07-03
DEPOT-NJ,LOT-051-C,BIN-0789,0,2025-07-09
DEPOT-NJ,LOT-037-A,BIN-0217,0,2025-07-13
DEPOT-BLR,LOT-052-C,BIN-1325,0,2025-07-05
DEPOT-TYO,LOT-059-A,BIN-1900,0,2025-07-20
DEPOT-NJ,LOT-041-C,BIN-0012,0,2025-07-07
DEPOT-NJ,LOT-039-B,BIN-0766,0,2025-07-11
DEPOT-NJ,LOT-052-C,BIN-0347,0,2025-07-12
DEPOT-NJ,LOT-033-B,BIN-0948,0,2025-07-19
DEPOT-TYO,LOT-038-C,BIN-0259,0,2025-07-21
DEPOT-HH,LOT-028-B,BIN-1960,0,2025-07-28
DEPOT-HH,LOT-023-A,BIN-1876,0,2025-07-30
DEPOT-HH,LOT-038-B,BIN-0220,0,2025-07-26
DEPOT-HH,LOT-024-C,BIN-1372,0,2025-07-11
DEPOT-HH,LOT-010-C,BIN-1909,0,2025-07-20
DEPOT-HH,LOT-049-A,BIN-0316,0,2025-07-16
DEPOT-BLR,LOT-032-A,BIN-0489,0,2025-07-04
DEPOT-HH,LOT-028-B,BIN-0471,0,2025-07-26
DEPOT-HH,LOT-053-B,BIN-1990,0,2025-07-07
DEPOT-HH,LOT-001-C,BIN-1054,0,2025-07-09
DEPOT-BLR,LOT-024-C,BIN-1548,0,2025-07-10
DEPOT-HH,LOT-023-B,BIN-0085,0,2025-07-17
DEPOT-NJ,LOT-044-C,BIN-0429,0,2025-08-01
DEPOT-NJ,LOT-054-A,BIN-1766,0,2025-07-12
DEPOT-HH,LOT-044-C,BIN-0571,0,2025-07-12
DEPOT-NJ,LOT-041-A,BIN-1380,0,2025-07-09
DEPOT-BLR,LOT-038-C,BIN-0114,0,2025-07-27
DEPOT-HH,LOT-041-A,BIN-1138,0,2025-07-22
DEPOT-HH,LOT-016-A,BIN-1172,0,2025-07-04
DEPOT-NJ,LOT-035-B,BIN-0589,0,2025-07-03
