shipment_id,site_id,lot_id,ndc,dispatch_dt,eta_dt,reason,decision,decision_dt
SHP-001-1,SITE-001,LOT-001-A,NDC-0006-5333-01,2025-07-06,2025-07-14,TempExcursion,Quarantine-Release Pending QA,2025-07-14
SHP-001-2,SITE-001,LOT-001-B,NDC-0006-5332-01,2025-08-18,2025-08-31,TempExcursion,Quarantine-Release Pending QA,2025-08-31
SHP-001-3,SITE-001,LOT-001-C,NDC-0006-5332-01,2025-09-30,2025-10-05,TempExcursion,Quarantine-Release Pending QA,2025-10-05
SHP-002-3,SITE-002,LOT-002-C,NDC-0006-5331-01,2025-08-26,2025-09-02,TempExcursion,Quarantine-Confirmed,2025-09-02
SHP-002-3,SITE-002,LOT-002-C,NDC-0006-5333-01,2025-09-22,2025-10-02,TempExcursion,Quarantine-Release Pending QA,2025-10-02
SHP-003-1,SITE-003,LOT-003-A,NDC-0006-5331-01,2025-07-18,2025-07-24,TempExcursion,Quarantine-Release Pending QA,2025-07-24
SHP-003-1,SITE-003,LOT-003-A,NDC-0006-5332-01,2025-07-20,2025-08-01,TempExcursion,Quarantine-Release Pending QA,2025-08-01
SHP-003-1,SITE-003,LOT-003-A,NDC-0006-5333-01,2025-07-14,2025-07-23,TempExcursion,Quarantine-Release Pending QA,2025-07-23
SHP-003-2,SITE-003,LOT-003-B,NDC-0006-5332-01,2025-07-30,2025-08-12,TempExcursion,Quarantine-Release Pending QA,2025-08-12
SHP-003-3,SITE-003,LOT-003-C,NDC-0006-5332-01,2025-09-29,2025-10-09,TempExcursion,Quarantine-Confirmed,2025-10-09
SHP-003-3,SITE-003,LOT-003-C,NDC-0006-5333-01,2025-10-01,2025-10-14,TempExcursion,Quarantine-Release Pending QA,2025-10-14
SHP-004-1,SITE-004,LOT-004-A,NDC-0006-5331-01,2025-07-12,2025-07-20,TempExcursion,Quarantine-Release Pending QA,2025-07-20
SHP-004-1,SITE-004,LOT-004-A,NDC-0006-5333-01,2025-07-24,2025-07-31,TempExcursion,Quarantine-Release Pending QA,2025-07-31
SHP-004-3,SITE-004,LOT-004-C,NDC-0006-5331-01,2025-09-16,2025-09-24,TempExcursion,Quarantine-Release Pending QA,2025-09-24
SHP-005-1,SITE-005,LOT-005-A,NDC-0006-5332-01,2025-08-01,2025-08-06,TempExcursion,Quarantine-Confirmed,2025-08-06
SHP-005-1,SITE-005,LOT-005-A,NDC-0006-5333-01,2025-07-27,2025-08-05,TempExcursion,Quarantine-Release Pending QA,2025-08-05
SHP-005-2,SITE-005,LOT-005-B,NDC-0006-5332-01,2025-08-17,2025-08-29,TempExcursion,Quarantine-Release Pending QA,2025-08-29
SHP-005-3,SITE-005,LOT-005-C,NDC-0006-5332-01,2025-09-27,2025-10-03,TempExcursion,Quarantine-Confirmed,2025-10-03
SHP-006-1,SITE-006,LOT-006-A,NDC-0006-5331-01,2025-08-04,2025-08-10,TempExcursion,Quarantine-Release Pending QA,2025-08-10
SHP-006-2,SITE-006,LOT-006-B,NDC-0006-5332-01,2025-08-20,2025-08-29,TempExcursion,Quarantine-Release Pending QA,2025-08-29
SHP-007-1,SITE-007,LOT-007-A,NDC-0006-5332-01,2025-07-18,2025-07-26,TempExcursion,Quarantine-Confirmed,2025-07-26
SHP-007-2,SITE-007,LOT-007-B,NDC-0006-5332-01,2025-08-16,2025-08-27,TempExcursion,Quarantine-Confirmed,2025-08-27
SHP-007-3,SITE-007,LOT-007-C,NDC-0006-5331-01,2025-10-05,2025-10-13,TempExcursion,Quarantine-Release Pending QA,2025-10-13
SHP-007-3,SITE-007,LOT-007-C,NDC-0006-5332-01,2025-09-24,2025-09-30,TempExcursion,Quarantine-Confirmed,2025-09-30
SHP-007-3,SITE-007,LOT-007-C,NDC-0006-5333-01,2025-08-24,2025-09-06,TempExcursion,Quarantine-Release Pending QA,2025-09-06
SHP-008-2,SITE-008,LOT-008-B,NDC-0006-5331-01,2025-07-29,2025-08-04,TempExcursion,Quarantine-Confirmed,2025-08-04
SHP-008-3,SITE-008,LOT-008-C,NDC-0006-5333-01,2025-09-10,2025-09-19,TempExcursion,Quarantine-Release Pending QA,2025-09-19
SHP-009-1,SITE-009,LOT-009-A,NDC-0006-5331-01,2025-07-15,2025-07-27,TempExcursion,Quarantine-Release Pending QA,2025-07-27
SHP-009-1,SITE-009,LOT-009-A,NDC-0006-5332-01,2025-07-05,2025-07-14,TempExcursion,Quarantine-Confirmed,2025-07-14
SHP-009-1,SITE-009,LOT-009-A,NDC-0006-5333-01,2025-07-05,2025-07-18,TempExcursion,Quarantine-Release Pending QA,2025-07-18
SHP-009-2,SITE-009,LOT-009-B,NDC-0006-5331-01,2025-07-19,2025-07-24,TempExcursion,Quarantine-Release Pending QA,2025-07-24
SHP-009-2,SITE-009,LOT-009-B,NDC-0006-5333-01,2025-07-31,2025-08-07,TempExcursion,Quarantine-Confirmed,2025-08-07
SHP-009-3,SITE-009,LOT-009-C,NDC-0006-5331-01,2025-09-24,2025-10-05,TempExcursion,Quarantine-Release Pending QA,2025-10-05
SHP-009-3,SITE-009,LOT-009-C,NDC-0006-5332-01,2025-09-13,2025-09-19,TempExcursion,Quarantine-Confirmed,2025-09-19
SHP-009-3,SITE-009,LOT-009-C,NDC-0006-5333-01,2025-10-07,2025-10-12,TempExcursion,Quarantine-Release Pending QA,2025-10-12
SHP-010-1,SITE-010,LOT-010-A,NDC-0006-5331-01,2025-07-15,2025-07-23,TempExcursion,Quarantine-Release Pending QA,2025-07-23
SHP-010-1,SITE-010,LOT-010-A,NDC-0006-5332-01,2025-07-18,2025-07-27,TempExcursion,Quarantine-Release Pending QA,2025-07-27
SHP-010-1,SITE-010,LOT-010-A,NDC-0006-5333-01,2025-08-01,2025-08-06,TempExcursion,Quarantine-Release Pending QA,2025-08-06
SHP-010-2,SITE-010,LOT-010-B,NDC-0006-5333-01,2025-08-17,2025-08-27,TempExcursion,Quarantine-Confirmed,2025-08-27
SHP-010-3,SITE-010,LOT-010-C,NDC-0006-5331-01,2025-10-05,2025-10-10,TempExcursion,Quarantine-Release Pending QA,2025-10-10
SHP-010-3,SITE-010,LOT-010-C,NDC-0006-5333-01,2025-10-07,2025-10-20,TempExcursion,Quarantine-Release Pending QA,2025-10-20
SHP-011-2,SITE-011,LOT-011-B,NDC-0006-5331-01,2025-07-28,2025-08-04,TempExcursion,Quarantine-Release Pending QA,2025-08-04
SHP-011-2,SITE-011,LOT-011-B,NDC-0006-5333-01,2025-07-25,2025-08-03,TempExcursion,Quarantine-Release Pending QA,2025-08-03
SHP-012-2,SITE-012,LOT-012-B,NDC-0006-5331-01,2025-08-02,2025-08-09,TempExcursion,Quarantine-Confirmed,2025-08-09
SHP-013-1,SITE-013,LOT-013-A,NDC-0006-5331-01,2025-06-30,2025-07-11,TempExcursion,Quarantine-Release Pending QA,2025-07-11
SHP-013-1,SITE-013,LOT-013-A,NDC-0006-5333-01,2025-07-26,2025-08-01,TempExcursion,Quarantine-Release Pending QA,2025-08-01
SHP-013-2,SITE-013,LOT-013-B,NDC-0006-5332-01,2025-07-24,2025-08-04,TempExcursion,Quarantine-Release Pending QA,2025-08-04
SHP-013-3,SITE-013,LOT-013-C,NDC-0006-5331-01,2025-09-11,2025-09-21,TempExcursion,Quarantine-Release Pending QA,2025-09-21
SHP-013-3,SITE-013,LOT-013-C,NDC-0006-5332-01,2025-09-21,2025-10-02,TempExcursion,Quarantine-Confirmed,2025-10-02
SHP-013-3,SITE-013,LOT-013-C,NDC-0006-5333-01,2025-10-08,2025-10-20,TempExcursion,Quarantine-Confirmed,2025-10-20
SHP-014-1,SITE-014,LOT-014-A,NDC-0006-5331-01,2025-07-10,2025-07-16,TempExcursion,Quarantine-Confirmed,2025-07-16
SHP-014-2,SITE-014,LOT-014-B,NDC-0006-5333-01,2025-08-12,2025-08-23,TempExcursion,Quarantine-Release Pending QA,2025-08-23
SHP-014-3,SITE-014,LOT-014-C,NDC-0006-5331-01,2025-10-13,2025-10-22,TempExcursion,Quarantine-Confirmed,2025-10-22
SHP-015-1,SITE-015,LOT-015-A,NDC-0006-5331-01,2025-07-30,2025-08-10,TempExcursion,Quarantine-Release Pending QA,2025-08-10
SHP-015-2,SITE-015,LOT-015-B,NDC-0006-5331-01,2025-07-23,2025-08-05,TempExcursion,Quarantine-Release Pending QA,2025-08-05
SHP-015-2,SITE-015,LOT-015-B,NDC-0006-5332-01,2025-08-08,2025-08-21,TempExcursion,Quarantine-Confirmed,2025-08-21
SHP-015-3,SITE-015,LOT-015-C,NDC-0006-5332-01,2025-10-04,2025-10-17,TempExcursion,Quarantine-Confirmed,2025-10-17
SHP-016-1,SITE-016,LOT-016-A,NDC-0006-5331-01,2025-07-25,2025-07-31,TempExcursion,Quarantine-Release Pending QA,2025-07-31
SHP-016-2,SITE-016,LOT-016-B,NDC-0006-5332-01,2025-08-07,2025-08-15,TempExcursion,Quarantine-Release Pending QA,2025-08-15
SHP-016-2,SITE-016,LOT-016-B,NDC-0006-5333-01,2025-08-05,2025-08-14,TempExcursion,Quarantine-Confirmed,2025-08-14
SHP-016-3,SITE-016,LOT-016-C,NDC-0006-5331-01,2025-09-26,2025-10-04,TempExcursion,Quarantine-Confirmed,2025-10-04
SHP-016-3,SITE-016,LOT-016-C,NDC-0006-5333-01,2025-09-20,2025-09-26,TempExcursion,Quarantine-Confirmed,2025-09-26
SHP-017-1,SITE-017,LOT-017-A,NDC-0006-5331-01,2025-07-07,2025-07-20,TempExcursion,Quarantine-Release Pending QA,2025-07-20
SHP-017-1,SITE-017,LOT-017-A,NDC-0006-5332-01,2025-07-17,2025-07-25,TempExcursion,Quarantine-Release Pending QA,2025-07-25
SHP-017-2,SITE-017,LOT-017-B,NDC-0006-5331-01,2025-07-31,2025-08-07,TempExcursion,Quarantine-Release Pending QA,2025-08-07
SHP-017-3,SITE-017,LOT-017-C,NDC-0006-5331-01,2025-09-21,2025-09-28,TempExcursion,Quarantine-Release Pending QA,2025-09-28
SHP-017-3,SITE-017,LOT-017-C,NDC-0006-5332-01,2025-10-03,2025-10-15,TempExcursion,Quarantine-Release Pending QA,2025-10-15
SHP-017-3,SITE-017,LOT-017-C,NDC-0006-5333-01,2025-09-07,2025-09-16,TempExcursion,Quarantine-Release Pending QA,2025-09-16
SHP-018-1,SITE-018,LOT-018-A,NDC-0006-5332-01,2025-07-08,2025-07-20,TempExcursion,Quarantine-Release Pending QA,2025-07-20
SHP-018-1,SITE-018,LOT-018-A,NDC-0006-5333-01,2025-06-28,2025-07-08,TempExcursion,Quarantine-Release Pending QA,2025-07-08
SHP-018-3,SITE-018,LOT-018-C,NDC-0006-5331-01,2025-10-02,2025-10-11,TempExcursion,Quarantine-Release Pending QA,2025-10-11
SHP-018-3,SITE-018,LOT-018-C,NDC-0006-5332-01,2025-10-03,2025-10-13,TempExcursion,Quarantine-Release Pending QA,2025-10-13
SHP-019-1,SITE-019,LOT-019-A,NDC-0006-5331-01,2025-08-04,2025-08-17,TempExcursion,Quarantine-Confirmed,2025-08-17
SHP-019-1,SITE-019,LOT-019-A,NDC-0006-5333-01,2025-07-29,2025-08-11,TempExcursion,Quarantine-Confirmed,2025-08-11
SHP-019-2,SITE-019,LOT-019-B,NDC-0006-5333-01,2025-08-04,2025-08-15,TempExcursion,Quarantine-Confirmed,2025-08-15
SHP-019-3,SITE-019,LOT-019-C,NDC-0006-5332-01,2025-09-30,2025-10-07,TempExcursion,Quarantine-Confirmed,2025-10-07
SHP-020-1,SITE-020,LOT-020-A,NDC-0006-5333-01,2025-07-19,2025-07-26,TempExcursion,Quarantine-Confirmed,2025-07-26
SHP-020-3,SITE-020,LOT-020-C,NDC-0006-5331-01,2025-09-17,2025-09-29,TempExcursion,Quarantine-Confirmed,2025-09-29
SHP-020-3,SITE-020,LOT-020-C,NDC-0006-5332-01,2025-10-07,2025-10-12,TempExcursion,Quarantine-Confirmed,2025-10-12
SHP-020-3,SITE-020,LOT-020-C,NDC-0006-5333-01,2025-10-04,2025-10-10,TempExcursion,Quarantine-Release Pending QA,2025-10-10
SHP-021-1,SITE-021,LOT-021-A,NDC-0006-5331-01,2025-06-22,2025-06-29,TempExcursion,Quarantine-Release Pending QA,2025-06-29
SHP-021-1,SITE-021,LOT-021-A,NDC-0006-5333-01,2025-07-01,2025-07-09,TempExcursion,Quarantine-Release Pending QA,2025-07-09
SHP-021-3,SITE-021,LOT-021-C,NDC-0006-5331-01,2025-09-14,2025-09-27,TempExcursion,Quarantine-Release Pending QA,2025-09-27
SHP-021-3,SITE-021,LOT-021-C,NDC-0006-5333-01,2025-10-09,2025-10-16,TempExcursion,Quarantine-Release Pending QA,2025-10-16
SHP-022-1,SITE-022,LOT-022-A,NDC-0006-5331-01,2025-07-25,2025-08-03,TempExcursion,Quarantine-Confirmed,2025-08-03
SHP-022-2,SITE-022,LOT-022-B,NDC-0006-5332-01,2025-08-12,2025-08-18,TempExcursion,Quarantine-Confirmed,2025-08-18
SHP-022-2,SITE-022,LOT-022-B,NDC-0006-5333-01,2025-08-07,2025-08-15,TempExcursion,Quarantine-Release Pending QA,2025-08-15
SHP-022-3,SITE-022,LOT-022-C,NDC-0006-5333-01,2025-09-28,2025-10-08,TempExcursion,Quarantine-Confirmed,2025-10-08
SHP-023-1,SITE-023,LOT-023-A,NDC-0006-5332-01,2025-07-17,2025-07-28,TempExcursion,Quarantine-Release Pending QA,2025-07-28
SHP-023-1,SITE-023,LOT-023-A,NDC-0006-5333-01,2025-07-21,2025-07-27,TempExcursion,Quarantine-Release Pending QA,2025-07-27
SHP-023-3,SITE-023,LOT-023-C,NDC-0006-5332-01,2025-09-13,2025-09-22,TempExcursion,Quarantine-Release Pending QA,2025-09-22
SHP-023-3,SITE-023,LOT-023-C,NDC-0006-5333-01,2025-10-05,2025-10-18,TempExcursion,Quarantine-Release Pending QA,2025-10-18
SHP-024-1,SITE-024,LOT-024-A,NDC-0006-5331-01,2025-07-16,2025-07-25,TempExcursion,Quarantine-Release Pending QA,2025-07-25
SHP-024-1,SITE-024,LOT-024-A,NDC-0006-5332-01,2025-07-19,2025-07-29,TempExcursion,Quarantine-Release Pending QA,2025-07-29
SHP-024-1,SITE-024,LOT-024-A,NDC-0006-5333-01,2025-07-24,2025-08-01,TempExcursion,Quarantine-Release Pending QA,2025-08-01
SHP-024-3,SITE-024,LOT-024-C,NDC-0006-5333-01,2025-09-26,2025-10-07,TempExcursion,Quarantine-Confirmed,2025-10-07
SHP-025-3,SITE-025,LOT-025-C,NDC-0006-5331-01,2025-10-01,2025-10-14,TempExcursion,Quarantine-Release Pending QA,2025-10-14
SHP-025-3,SITE-025,LOT-025-C,NDC-0006-5332-01,2025-09-16,2025-09-29,TempExcursion,Quarantine-Release Pending QA,2025-09-29
SHP-026-2,SITE-026,LOT-026-B,NDC-0006-5333-01,2025-08-09,2025-08-14,TempExcursion,Quarantine-Confirmed,2025-08-14
SHP-026-3,SITE-026,LOT-026-C,NDC-0006-5332-01,2025-10-14,2025-10-25,TempExcursion,Quarantine-Release Pending QA,2025-10-25
SHP-026-3,SITE-026,LOT-026-C,NDC-0006-5333-01,2025-09-30,2025-10-05,TempExcursion,Quarantine-Release Pending QA,2025-10-05
SHP-027-1,SITE-027,LOT-027-A,NDC-0006-5331-01,2025-07-19,2025-08-01,TempExcursion,Quarantine-Release Pending QA,2025-08-01
SHP-027-1,SITE-027,LOT-027-A,NDC-0006-5332-01,2025-07-07,2025-07-13,TempExcursion,Quarantine-Confirmed,2025-07-13
SHP-027-2,SITE-027,LOT-027-B,NDC-0006-5331-01,2025-08-18,2025-08-27,TempExcursion,Quarantine-Release Pending QA,2025-08-27
SHP-027-2,SITE-027,LOT-027-B,NDC-0006-5333-01,2025-06-17,2025-06-29,TempExcursion,Quarantine-Release Pending QA,2025-06-29
SHP-027-3,SITE-027,LOT-027-C,NDC-0006-5331-01,2025-10-04,2025-10-15,TempExcursion,Quarantine-Confirmed,2025-10-15
SHP-027-3,SITE-027,LOT-027-C,NDC-0006-5332-01,2025-09-26,2025-10-09,TempExcursion,Quarantine-Release Pending QA,2025-10-09
SHP-028-1,SITE-028,LOT-028-A,NDC-0006-5331-01,2025-07-27,2025-08-08,TempExcursion,Quarantine-Release Pending QA,2025-08-08
SHP-028-1,SITE-028,LOT-028-A,NDC-0006-5333-01,2025-07-20,2025-07-27,TempExcursion,Quarantine-Release Pending QA,2025-07-27
SHP-029-1,SITE-029,LOT-029-A,NDC-0006-5331-01,2025-07-25,2025-08-07,TempExcursion,Quarantine-Release Pending QA,2025-08-07
SHP-029-1,SITE-029,LOT-029-A,NDC-0006-5332-01,2025-07-09,2025-07-18,TempExcursion,Quarantine-Release Pending QA,2025-07-18
SHP-029-1,SITE-029,LOT-029-A,NDC-0006-5333-01,2025-07-22,2025-07-27,TempExcursion,Quarantine-Confirmed,2025-07-27
SHP-029-2,SITE-029,LOT-029-B,NDC-0006-5333-01,2025-08-01,2025-08-06,TempExcursion,Quarantine-Release Pending QA,2025-08-06
SHP-029-3,SITE-029,LOT-029-C,NDC-0006-5331-01,2025-10-16,2025-10-28,TempExcursion,Quarantine-Confirmed,2025-10-28
SHP-029-3,SITE-029,LOT-029-C,NDC-0006-5332-01,2025-09-22,2025-09-30,TempExcursion,Quarantine-Release Pending QA,2025-09-30
SHP-029-3,SITE-029,LOT-029-C,NDC-0006-5333-01,2025-09-15,2025-09-23,TempExcursion,Quarantine-Release Pending QA,2025-09-23
SHP-030-3,SITE-030,LOT-030-C,NDC-0006-5331-01,2025-10-08,2025-10-15,TempExcursion,Quarantine-Release Pending QA,2025-10-15
SHP-031-3,SITE-031,LOT-031-C,NDC-0006-5331-01,2025-10-03,2025-10-10,TempExcursion,Quarantine-Release Pending QA,2025-10-10
SHP-031-3,SITE-031,LOT-031-C,NDC-0006-5333-01,2025-09-21,2025-09-26,TempExcursion,Quarantine-Release Pending QA,2025-09-26
SHP-032-1,SITE-032,LOT-032-A,NDC-0006-5331-01,2025-07-18,2025-07-28,TempExcursion,Quarantine-Release Pending QA,2025-07-28
SHP-032-1,SITE-032,LOT-032-A,NDC-0006-5332-01,2025-07-23,2025-08-01,TempExcursion,Quarantine-Release Pending QA,2025-08-01
SHP-032-1,SITE-032,LOT-032-A,NDC-0006-5333-01,2025-07-19,2025-07-31,TempExcursion,Quarantine-Release Pending QA,2025-07-31
SHP-032-2,SITE-032,LOT-032-B,NDC-0006-5332-01,2025-08-10,2025-08-23,TempExcursion,Quarantine-Release Pending QA,2025-08-23
SHP-032-3,SITE-032,LOT-032-C,NDC-0006-5331-01,2025-09-30,2025-10-09,TempExcursion,Quarantine-Confirmed,2025-10-09
SHP-032-3,SITE-032,LOT-032-C,NDC-0006-5332-01,2025-10-01,2025-10-07,TempExcursion,Quarantine-Release Pending QA,2025-10-07
SHP-032-3,SITE-032,LOT-032-C,NDC-0006-5333-01,2025-10-01,2025-10-11,TempExcursion,Quarantine-Release Pending QA,2025-10-11
SHP-033-1,SITE-033,LOT-033-A,NDC-0006-5331-01,2025-07-01,2025-07-07,TempExcursion,Quarantine-Release Pending QA,2025-07-07
SHP-033-3,SITE-033,LOT-033-C,NDC-0006-5331-01,2025-09-18,2025-09-25,TempExcursion,Quarantine-Confirmed,2025-09-25
SHP-033-3,SITE-033,LOT-033-C,NDC-0006-5332-01,2025-09-26,2025-10-09,TempExcursion,Quarantine-Release Pending QA,2025-10-09
SHP-033-3,SITE-033,LOT-033-C,NDC-0006-5333-01,2025-09-29,2025-10-08,TempExcursion,Quarantine-Release Pending QA,2025-10-08
SHP-034-1,SITE-034,LOT-034-A,NDC-0006-5331-01,2025-07-21,2025-07-26,TempExcursion,Quarantine-Release Pending QA,2025-07-26
SHP-034-1,SITE-034,LOT-034-A,NDC-0006-5332-01,2025-06-15,2025-06-25,TempExcursion,Quarantine-Release Pending QA,2025-06-25
SHP-034-1,SITE-034,LOT-034-A,NDC-0006-5333-01,2025-07-21,2025-08-02,TempExcursion,Quarantine-Confirmed,2025-08-02
SHP-034-2,SITE-034,LOT-034-B,NDC-0006-5332-01,2025-08-15,2025-08-21,TempExcursion,Quarantine-Confirmed,2025-08-21
SHP-034-3,SITE-034,LOT-034-C,NDC-0006-5331-01,2025-10-01,2025-10-08,TempExcursion,Quarantine-Release Pending QA,2025-10-08
SHP-034-3,SITE-034,LOT-034-C,NDC-0006-5332-01,2025-10-04,2025-10-17,TempExcursion,Quarantine-Confirmed,2025-10-17
SHP-034-3,SITE-034,LOT-034-C,NDC-0006-5333-01,2025-09-07,2025-09-17,TempExcursion,Quarantine-Release Pending QA,2025-09-17
SHP-035-1,SITE-035,LOT-035-A,NDC-0006-5331-01,2025-07-11,2025-07-17,TempExcursion,Quarantine-Confirmed,2025-07-17
SHP-035-1,SITE-035,LOT-035-A,NDC-0006-5333-01,2025-07-19,2025-08-01,TempExcursion,Quarantine-Confirmed,2025-08-01
SHP-035-2,SITE-035,LOT-035-B,NDC-0006-5332-01,2025-08-02,2025-08-15,TempExcursion,Quarantine-Release Pending QA,2025-08-15
SHP-035-3,SITE-035,LOT-035-C,NDC-0006-5331-01,2025-09-01,2025-09-10,TempExcursion,Quarantine-Release Pending QA,2025-09-10
SHP-035-3,SITE-035,LOT-035-C,NDC-0006-5333-01,2025-08-28,2025-09-09,TempExcursion,Quarantine-Release Pending QA,2025-09-09
SHP-036-1,SITE-036,LOT-036-A,NDC-0006-5331-01,2025-07-16,2025-07-27,TempExcursion,Quarantine-Confirmed,2025-07-27
SHP-036-1,SITE-036,LOT-036-A,NDC-0006-5332-01,2025-07-01,2025-07-07,TempExcursion,Quarantine-Confirmed,2025-07-07
SHP-036-2,SITE-036,LOT-036-B,NDC-0006-5331-01,2025-07-31,2025-08-06,TempExcursion,Quarantine-Confirmed,2025-08-06
SHP-036-3,SITE-036,LOT-036-C,NDC-0006-5331-01,2025-09-23,2025-09-30,TempExcursion,Quarantine-Confirmed,2025-09-30
SHP-037-1,SITE-037,LOT-037-A,NDC-0006-5331-01,2025-07-22,2025-07-30,TempExcursion,Quarantine-Confirmed,2025-07-30
SHP-037-1,SITE-037,LOT-037-A,NDC-0006-5332-01,2025-07-13,2025-07-23,TempExcursion,Quarantine-Release Pending QA,2025-07-23
SHP-037-1,SITE-037,LOT-037-A,NDC-0006-5333-01,2025-08-05,2025-08-18,TempExcursion,Quarantine-Release Pending QA,2025-08-18
SHP-037-2,SITE-037,LOT-037-B,NDC-0006-5331-01,2025-08-09,2025-08-16,TempExcursion,Quarantine-Confirmed,2025-08-16
SHP-037-3,SITE-037,LOT-037-C,NDC-0006-5332-01,2025-09-24,2025-10-01,TempExcursion,Quarantine-Release Pending QA,2025-10-01
SHP-038-1,SITE-038,LOT-038-A,NDC-0006-5331-01,2025-07-27,2025-08-07,TempExcursion,Quarantine-Confirmed,2025-08-07
SHP-038-1,SITE-038,LOT-038-A,NDC-0006-5332-01,2025-07-13,2025-07-20,TempExcursion,Quarantine-Confirmed,2025-07-20
SHP-038-1,SITE-038,LOT-038-A,NDC-0006-5333-01,2025-07-29,2025-08-06,TempExcursion,Quarantine-Release Pending QA,2025-08-06
SHP-038-3,SITE-038,LOT-038-C,NDC-0006-5333-01,2025-10-12,2025-10-19,TempExcursion,Quarantine-Release Pending QA,2025-10-19
SHP-039-1,SITE-039,LOT-039-A,NDC-0006-5332-01,2025-07-14,2025-07-27,TempExcursion,Quarantine-Release Pending QA,2025-07-27
SHP-039-1,SITE-039,LOT-039-A,NDC-0006-5333-01,2025-07-15,2025-07-21,TempExcursion,Quarantine-Confirmed,2025-07-21
SHP-039-2,SITE-039,LOT-039-B,NDC-0006-5333-01,2025-07-14,2025-07-21,TempExcursion,Quarantine-Release Pending QA,2025-07-21
SHP-039-3,SITE-039,LOT-039-C,NDC-0006-5331-01,2025-09-28,2025-10-11,TempExcursion,Quarantine-Release Pending QA,2025-10-11
SHP-039-3,SITE-039,LOT-039-C,NDC-0006-5333-01,2025-09-23,2025-10-04,TempExcursion,Quarantine-Release Pending QA,2025-10-04
SHP-040-1,SITE-040,LOT-040-A,NDC-0006-5332-01,2025-07-19,2025-07-28,TempExcursion,Quarantine-Release Pending QA,2025-07-28
SHP-040-1,SITE-040,LOT-040-A,NDC-0006-5333-01,2025-07-23,2025-08-05,TempExcursion,Quarantine-Release Pending QA,2025-08-05
SHP-040-2,SITE-040,LOT-040-B,NDC-0006-5331-01,2025-08-16,2025-08-26,TempExcursion,Quarantine-Release Pending QA,2025-08-26
SHP-040-3,SITE-040,LOT-040-C,NDC-0006-5331-01,2025-10-12,2025-10-19,TempExcursion,Quarantine-Confirmed,2025-10-19
SHP-040-3,SITE-040,LOT-040-C,NDC-0006-5332-01,2025-09-30,2025-10-11,TempExcursion,Quarantine-Release Pending QA,2025-10-11
SHP-041-2,SITE-041,LOT-041-B,NDC-0006-5332-01,2025-08-02,2025-08-13,TempExcursion,Quarantine-Confirmed,2025-08-13
SHP-041-3,SITE-041,LOT-041-C,NDC-0006-5331-01,2025-10-11,2025-10-20,TempExcursion,Quarantine-Confirmed,2025-10-20
SHP-041-3,SITE-041,LOT-041-C,NDC-0006-5333-01,2025-09-18,2025-09-26,TempExcursion,Quarantine-Release Pending QA,2025-09-26
SHP-042-1,SITE-042,LOT-042-A,NDC-0006-5331-01,2025-07-19,2025-07-24,TempExcursion,Quarantine-Release Pending QA,2025-07-24
SHP-042-1,SITE-042,LOT-042-A,NDC-0006-5333-01,2025-07-22,2025-07-28,TempExcursion,Quarantine-Release Pending QA,2025-07-28
SHP-042-2,SITE-042,LOT-042-B,NDC-0006-5332-01,2025-08-11,2025-08-24,TempExcursion,Quarantine-Confirmed,2025-08-24
SHP-042-2,SITE-042,LOT-042-B,NDC-0006-5333-01,2025-08-19,2025-08-27,TempExcursion,Quarantine-Release Pending QA,2025-08-27
SHP-042-3,SITE-042,LOT-042-C,NDC-0006-5333-01,2025-09-26,2025-10-01,TempExcursion,Quarantine-Confirmed,2025-10-01
SHP-043-1,SITE-043,LOT-043-A,NDC-0006-5331-01,2025-07-16,2025-07-22,TempExcursion,Quarantine-Release Pending QA,2025-07-22
SHP-043-1,SITE-043,LOT-043-A,NDC-0006-5332-01,2025-07-12,2025-07-23,TempExcursion,Quarantine-Release Pending QA,2025-07-23
SHP-043-3,SITE-043,LOT-043-C,NDC-0006-5333-01,2025-09-07,2025-09-18,TempExcursion,Quarantine-Release Pending QA,2025-09-18
SHP-044-2,SITE-044,LOT-044-B,NDC-0006-5331-01,2025-07-17,2025-07-25,TempExcursion,Quarantine-Confirmed,2025-07-25
SHP-044-3,SITE-044,LOT-044-C,NDC-0006-5332-01,2025-09-30,2025-10-07,TempExcursion,Quarantine-Release Pending QA,2025-10-07
SHP-045-1,SITE-045,LOT-045-A,NDC-0006-5331-01,2025-07-04,2025-07-10,TempExcursion,Quarantine-Confirmed,2025-07-10
SHP-045-1,SITE-045,LOT-045-A,NDC-0006-5333-01,2025-07-27,2025-08-01,TempExcursion,Quarantine-Release Pending QA,2025-08-01
SHP-045-2,SITE-045,LOT-045-B,NDC-0006-5333-01,2025-08-01,2025-08-10,TempExcursion,Quarantine-Release Pending QA,2025-08-10
SHP-045-3,SITE-045,LOT-045-C,NDC-0006-5331-01,2025-10-05,2025-10-12,TempExcursion,Quarantine-Release Pending QA,2025-10-12
SHP-046-1,SITE-046,LOT-046-A,NDC-0006-5332-01,2025-07-26,2025-07-31,TempExcursion,Quarantine-Release Pending QA,2025-07-31
SHP-046-1,SITE-046,LOT-046-A,NDC-0006-5333-01,2025-06-27,2025-07-10,TempExcursion,Quarantine-Release Pending QA,2025-07-10
SHP-046-2,SITE-046,LOT-046-B,NDC-0006-5331-01,2025-08-06,2025-08-16,TempExcursion,Quarantine-Release Pending QA,2025-08-16
SHP-046-2,SITE-046,LOT-046-B,NDC-0006-5333-01,2025-08-08,2025-08-18,TempExcursion,Quarantine-Release Pending QA,2025-08-18
SHP-046-3,SITE-046,LOT-046-C,NDC-0006-5331-01,2025-09-18,2025-09-23,TempExcursion,Quarantine-Release Pending QA,2025-09-23
SHP-046-3,SITE-046,LOT-046-C,NDC-0006-5332-01,2025-10-08,2025-10-20,TempExcursion,Quarantine-Confirmed,2025-10-20
SHP-047-1,SITE-047,LOT-047-A,NDC-0006-5331-01,2025-07-11,2025-07-18,TempExcursion,Quarantine-Release Pending QA,2025-07-18
SHP-047-3,SITE-047,LOT-047-C,NDC-0006-5331-01,2025-09-27,2025-10-02,TempExcursion,Quarantine-Confirmed,2025-10-02
SHP-047-3,SITE-047,LOT-047-C,NDC-0006-5333-01,2025-09-09,2025-09-19,TempExcursion,Quarantine-Release Pending QA,2025-09-19
SHP-048-1,SITE-048,LOT-048-A,NDC-0006-5331-01,2025-07-18,2025-07-24,TempExcursion,Quarantine-Release Pending QA,2025-07-24
SHP-048-1,SITE-048,LOT-048-A,NDC-0006-5332-01,2025-07-21,2025-07-31,TempExcursion,Quarantine-Release Pending QA,2025-07-31
SHP-048-1,SITE-048,LOT-048-A,NDC-0006-5333-01,2025-07-20,2025-07-27,TempExcursion,Quarantine-Release Pending QA,2025-07-27
SHP-048-2,SITE-048,LOT-048-B,NDC-0006-5331-01,2025-08-04,2025-08-17,TempExcursion,Quarantine-Release Pending QA,2025-08-17
SHP-048-2,SITE-048,LOT-048-B,NDC-0006-5332-01,2025-07-31,2025-08-09,TempExcursion,Quarantine-Confirmed,2025-08-09
SHP-048-2,SITE-048,LOT-048-B,NDC-0006-5333-01,2025-07-05,2025-07-15,TempExcursion,Quarantine-Release Pending QA,2025-07-15
SHP-048-3,SITE-048,LOT-048-C,NDC-0006-5333-01,2025-09-10,2025-09-15,TempExcursion,Quarantine-Confirmed,2025-09-15
SHP-049-1,SITE-049,LOT-049-A,NDC-0006-5332-01,2025-07-27,2025-08-03,TempExcursion,Quarantine-Release Pending QA,2025-08-03
SHP-049-1,SITE-049,LOT-049-A,NDC-0006-5333-01,2025-07-07,2025-07-19,TempExcursion,Quarantine-Confirmed,2025-07-19
SHP-049-2,SITE-049,LOT-049-B,NDC-0006-5332-01,2025-07-28,2025-08-06,TempExcursion,Quarantine-Release Pending QA,2025-08-06
SHP-049-3,SITE-049,LOT-049-C,NDC-0006-5332-01,2025-09-27,2025-10-08,TempExcursion,Quarantine-Release Pending QA,2025-10-08
SHP-049-3,SITE-049,LOT-049-C,NDC-0006-5333-01,2025-09-28,2025-10-03,TempExcursion,Quarantine-Release Pending QA,2025-10-03
SHP-050-1,SITE-050,LOT-050-A,NDC-0006-5331-01,2025-07-15,2025-07-27,TempExcursion,Quarantine-Release Pending QA,2025-07-27
SHP-050-1,SITE-050,LOT-050-A,NDC-0006-5332-01,2025-07-22,2025-07-29,TempExcursion,Quarantine-Release Pending QA,2025-07-29
SHP-050-1,SITE-050,LOT-050-A,NDC-0006-5333-01,2025-07-17,2025-07-24,TempExcursion,Quarantine-Release Pending QA,2025-07-24
SHP-050-2,SITE-050,LOT-050-B,NDC-0006-5331-01,2025-08-01,2025-08-09,TempExcursion,Quarantine-Release Pending QA,2025-08-09
SHP-050-3,SITE-050,LOT-050-C,NDC-0006-5332-01,2025-09-02,2025-09-15,TempExcursion,Quarantine-Release Pending QA,2025-09-15
SHP-051-1,SITE-051,LOT-051-A,NDC-0006-5333-01,2025-07-04,2025-07-11,TempExcursion,Quarantine-Release Pending QA,2025-07-11
SHP-051-2,SITE-051,LOT-051-B,NDC-0006-5332-01,2025-07-28,2025-08-07,TempExcursion,Quarantine-Confirmed,2025-08-07
SHP-051-3,SITE-051,LOT-051-C,NDC-0006-5331-01,2025-09-13,2025-09-24,TempExcursion,Quarantine-Release Pending QA,2025-09-24
SHP-051-3,SITE-051,LOT-051-C,NDC-0006-5332-01,2025-09-28,2025-10-10,TempExcursion,Quarantine-Release Pending QA,2025-10-10
SHP-051-3,SITE-051,LOT-051-C,NDC-0006-5333-01,2025-09-21,2025-10-01,TempExcursion,Quarantine-Release Pending QA,2025-10-01
SHP-052-1,SITE-052,LOT-052-A,NDC-0006-5331-01,2025-07-28,2025-08-09,TempExcursion,Quarantine-Release Pending QA,2025-08-09
SHP-052-1,SITE-052,LOT-052-A,NDC-0006-5332-01,2025-07-17,2025-07-28,TempExcursion,Quarantine-Release Pending QA,2025-07-28
SHP-052-3,SITE-052,LOT-052-C,NDC-0006-5331-01,2025-09-04,2025-09-16,TempExcursion,Quarantine-Release Pending QA,2025-09-16
SHP-052-3,SITE-052,LOT-052-C,NDC-0006-5332-01,2025-10-09,2025-10-14,TempExcursion,Quarantine-Release Pending QA,2025-10-14
SHP-053-1,SITE-053,LOT-053-A,NDC-0006-5333-01,2025-07-11,2025-07-18,TempExcursion,Quarantine-Release Pending QA,2025-07-18
SHP-053-2,SITE-053,LOT-053-B,NDC-0006-5331-01,2025-06-29,2025-07-11,TempExcursion,Quarantine-Confirmed,2025-07-11
SHP-053-3,SITE-053,LOT-053-C,NDC-0006-5332-01,2025-09-14,2025-09-23,TempExcursion,Quarantine-Release Pending QA,2025-09-23
SHP-054-1,SITE-054,LOT-054-A,NDC-0006-5331-01,2025-07-26,2025-08-06,TempExcursion,Quarantine-Release Pending QA,2025-08-06
SHP-054-2,SITE-054,LOT-054-B,NDC-0006-5331-01,2025-08-15,2025-08-20,TempExcursion,Quarantine-Release Pending QA,2025-08-20
SHP-054-2,SITE-054,LOT-054-B,NDC-0006-5333-01,2025-08-07,2025-08-13,TempExcursion,Quarantine-Confirmed,2025-08-13
SHP-054-3,SITE-054,LOT-054-C,NDC-0006-5333-01,2025-10-02,2025-10-08,TempExcursion,Quarantine-Release Pending QA,2025-10-08
SHP-055-1,SITE-055,LOT-055-A,NDC-0006-5331-01,2025-07-09,2025-07-16,TempExcursion,Quarantine-Release Pending QA,2025-07-16
SHP-055-1,SITE-055,LOT-055-A,NDC-0006-5332-01,2025-07-25,2025-08-05,TempExcursion,Quarantine-Confirmed,2025-08-05
SHP-055-2,SITE-055,LOT-055-B,NDC-0006-5331-01,2025-08-09,2025-08-20,TempExcursion,Quarantine-Release Pending QA,2025-08-20
SHP-055-2,SITE-055,LOT-055-B,NDC-0006-5332-01,2025-08-13,2025-08-24,TempExcursion,Quarantine-Confirmed,2025-08-24
SHP-055-3,SITE-055,LOT-055-C,NDC-0006-5331-01,2025-09-29,2025-10-08,TempExcursion,Quarantine-Release Pending QA,2025-10-08
SHP-056-1,SITE-056,LOT-056-A,NDC-0006-5333-01,2025-07-31,2025-08-11,TempExcursion,Quarantine-Release Pending QA,2025-08-11
SHP-056-3,SITE-056,LOT-056-C,NDC-0006-5332-01,2025-10-06,2025-10-12,TempExcursion,Quarantine-Confirmed,2025-10-12
SHP-057-1,SITE-057,LOT-057-A,NDC-0006-5331-01,2025-07-25,2025-08-02,TempExcursion,Quarantine-Release Pending QA,2025-08-02
SHP-057-1,SITE-057,LOT-057-A,NDC-0006-5332-01,2025-08-03,2025-08-08,TempExcursion,Quarantine-Release Pending QA,2025-08-08
SHP-057-2,SITE-057,LOT-057-B,NDC-0006-5331-01,2025-08-11,2025-08-16,TempExcursion,Quarantine-Confirmed,2025-08-16
SHP-057-3,SITE-057,LOT-057-C,NDC-0006-5332-01,2025-10-09,2025-10-16,TempExcursion,Quarantine-Release Pending QA,2025-10-16
SHP-058-1,SITE-058,LOT-058-A,NDC-0006-5331-01,2025-07-13,2025-07-23,TempExcursion,Quarantine-Release Pending QA,2025-07-23
SHP-058-1,SITE-058,LOT-058-A,NDC-0006-5333-01,2025-07-18,2025-07-28,TempExcursion,Quarantine-Release Pending QA,2025-07-28
SHP-058-3,SITE-058,LOT-058-C,NDC-0006-5331-01,2025-10-06,2025-10-17,TempExcursion,Quarantine-Release Pending QA,2025-10-17
SHP-058-3,SITE-058,LOT-058-C,NDC-0006-5333-01,2025-09-24,2025-10-07,TempExcursion,Quarantine-Confirmed,2025-10-07
SHP-059-1,SITE-059,LOT-059-A,NDC-0006-5331-01,2025-07-09,2025-07-15,TempExcursion,Quarantine-Release Pending QA,2025-07-15
SHP-059-1,SITE-059,LOT-059-A,NDC-0006-5333-01,2025-07-24,2025-07-31,TempExcursion,Quarantine-Release Pending QA,2025-07-31
SHP-059-2,SITE-059,LOT-059-B,NDC-0006-5332-01,2025-08-10,2025-08-21,TempExcursion,Quarantine-Confirmed,2025-08-21
SHP-059-3,SITE-059,LOT-059-C,NDC-0006-5331-01,2025-10-02,2025-10-07,TempExcursion,Quarantine-Confirmed,2025-10-07
SHP-059-3,SITE-059,LOT-059-C,NDC-0006-5332-01,2025-10-08,2025-10-21,TempExcursion,Quarantine-Release Pending QA,2025-10-21
SHP-059-3,SITE-059,LOT-059-C,NDC-0006-5333-01,2025-09-22,2025-09-28,TempExcursion,Quarantine-Release Pending QA,2025-09-28
SHP-060-1,SITE-060,LOT-060-A,NDC-0006-5332-01,2025-07-18,2025-07-27,TempExcursion,Quarantine-Release Pending QA,2025-07-27
SHP-060-1,SITE-060,LOT-060-A,NDC-0006-5333-01,2025-07-21,2025-08-02,TempExcursion,Quarantine-Confirmed,2025-08-02
SHP-060-2,SITE-060,LOT-060-B,NDC-0006-5332-01,2025-08-10,2025-08-17,TempExcursion,Quarantine-Release Pending QA,2025-08-17
SHP-060-3,SITE-060,LOT-060-C,NDC-0006-5332-01,2025-10-02,2025-10-13,TempExcursion,Quarantine-Release Pending QA,2025-10-13
